location_id,timestamp,pm1,pm25,unit,relativehumidity,temperature,um003,sensor_id,latitude,longitude,location
6232996,2026-02-08 08:00:00+00:00,21.304125,33.74333312,µg/m³,69.29320841,9.25908341,2927.002083,airgradient_prishtina_001,42.670917,21.151694,"Prishtina, Kosovo"
6232996,2026-02-08 09:00:00+00:00,20.93299999,32.68099982,µg/m³,69.51283315,9.73533322,2935.1,airgradient_prishtina_001,42.670917,21.151694,"Prishtina, Kosovo"
6232996,2026-02-08 10:00:00+00:00,18.54674999,28.00620831,µg/m³,66.10358313,11.0474167,2682.65,airgradient_prishtina_001,42.670917,21.151694,"Prishtina, Kosovo"
6232996,2026-02-08 11:00:00+00:00,10.08079167,14.54441667,µg/m³,58.33716688,12.40908337,1580.85,airgradient_prishtina_001,42.670917,21.151694,"Prishtina, Kosovo"
6232996,2026-02-08 12:00:00+00:00,7.447375003,10.11562501,µg/m³,52.35429165,13.44966665,1245.229167,airgradient_prishtina_001,42.670917,21.151694,"Prishtina, Kosovo"
6232996,2026-02-08 13:00:00+00:00,6.587166675,9.267875028,µg/m³,47.86479138,14.20499997,1158.89375,airgradient_prishtina_001,42.670917,21.151694,"Prishtina, Kosovo"
6232996,2026-02-08 14:00:00+00:00,8.426000007,12.865125,µg/m³,48.51500004,13.77875003,1415.585417,airgradient_prishtina_001,42.670917,21.151694,"Prishtina, Kosovo"
6232996,2026-02-08 15:00:00+00:00,16.48016667,25.56912479,µg/m³,53.28625016,13.12291663,2621.770833,airgradient_prishtina_001,42.670917,21.151694,"Prishtina, Kosovo"
6232996,2026-02-08 16:00:00+00:00,36.52858334,54.88149985,µg/m³,56.7297503,12.7983749,7276.36875,airgradient_prishtina_001,42.670917,21.151694,"Prishtina, Kosovo"
6232996,2026-02-08 17:00:00+00:00,105.8600835,161.7219585,µg/m³,55.79783324,12.45825006,21903.29583,airgradient_prishtina_001,42.670917,21.151694,"Prishtina, Kosovo"
6232996,2026-02-08 18:00:00+00:00,152.9017918,237.4916265,µg/m³,57.32362493,12.09362504,30908.27917,airgradient_prishtina_001,42.670917,21.151694,"Prishtina, Kosovo"
6232996,2026-02-08 19:00:00+00:00,134.5438749,204.3389585,µg/m³,57.30408344,11.79504171,27092.12292,airgradient_prishtina_001,42.670917,21.151694,"Prishtina, Kosovo"
6232996,2026-02-08 20:00:00+00:00,146.4900418,225.9387499,µg/m³,58.77779175,11.70862512,29302.24792,airgradient_prishtina_001,42.670917,21.151694,"Prishtina, Kosovo"
6232996,2026-02-08 21:00:00+00:00,142.5258753,222.0055,µg/m³,62.27895818,11.24050008,28274.68542,airgradient_prishtina_001,42.670917,21.151694,"Prishtina, Kosovo"
6232996,2026-02-08 22:00:00+00:00,62.98912484,94.73458341,µg/m³,61.3416249,11.5101667,12676.78542,airgradient_prishtina_001,42.670917,21.151694,"Prishtina, Kosovo"
6232996,2026-02-08 23:00:00+00:00,56.16795839,84.25783361,µg/m³,61.02516688,11.49108332,11602.61042,airgradient_prishtina_001,42.670917,21.151694,"Prishtina, Kosovo"
6232996,2026-02-09 00:00:00+00:00,46.72262478,70.78275032,µg/m³,61.81645832,11.18033346,9637.95625,airgradient_prishtina_001,42.670917,21.151694,"Prishtina, Kosovo"
6232996,2026-02-09 01:00:00+00:00,49.18762493,74.52625008,µg/m³,61.46154162,11.20308332,10092.83125,airgradient_prishtina_001,42.670917,21.151694,"Prishtina, Kosovo"
6232996,2026-02-09 02:00:00+00:00,38.79424973,60.38120836,µg/m³,61.82766663,10.92916669,7605.177083,airgradient_prishtina_001,42.670917,21.151694,"Prishtina, Kosovo"
6232996,2026-02-09 03:00:00+00:00,39.69233335,59.88033307,µg/m³,61.78545815,10.95037498,7764.34375,airgradient_prishtina_001,42.670917,21.151694,"Prishtina, Kosovo"
6232996,2026-02-09 04:00:00+00:00,53.95716654,81.50762501,µg/m³,61.90120831,10.71966663,10959.1,airgradient_prishtina_001,42.670917,21.151694,"Prishtina, Kosovo"
6232996,2026-02-09 05:00:00+00:00,51.45433362,78.51445802,µg/m³,62.29479198,10.38387508,10388.14167,airgradient_prishtina_001,42.670917,21.151694,"Prishtina, Kosovo"
6232996,2026-02-09 06:00:00+00:00,44.22137505,67.39008344,µg/m³,62.83404169,9.848083274,8529.114583,airgradient_prishtina_001,42.670917,21.151694,"Prishtina, Kosovo"
6232996,2026-02-09 07:00:00+00:00,35.22404171,52.96454169,µg/m³,63.09229172,9.229833508,6008.066667,airgradient_prishtina_001,42.670917,21.151694,"Prishtina, Kosovo"
6232996,2026-02-09 08:00:00+00:00,40.19174995,60.70508321,µg/m³,60.09604174,10.81495832,7882.858333,airgradient_prishtina_001,42.670917,21.151694,"Prishtina, Kosovo"
6232996,2026-02-09 09:00:00+00:00,46.18654181,70.16841647,µg/m³,57.67708329,12.35974997,9688.102083,airgradient_prishtina_001,42.670917,21.151694,"Prishtina, Kosovo"
6232996,2026-02-09 10:00:00+00:00,50.38737507,75.79045823,µg/m³,54.52475019,13.75770834,11060.13542,airgradient_prishtina_001,42.670917,21.151694,"Prishtina, Kosovo"
6232996,2026-02-09 11:00:00+00:00,33.85395817,51.59270814,µg/m³,51.17570847,14.75883334,7119.5125,airgradient_prishtina_001,42.670917,21.151694,"Prishtina, Kosovo"
6232996,2026-02-09 12:00:00+00:00,20.27895833,30.06170832,µg/m³,50.66008329,14.72050001,3286.34375,airgradient_prishtina_001,42.670917,21.151694,"Prishtina, Kosovo"
6232996,2026-02-09 13:00:00+00:00,23.31970834,34.7221667,µg/m³,53.92729176,13.47199998,3717.814583,airgradient_prishtina_001,42.670917,21.151694,"Prishtina, Kosovo"
6232996,2026-02-09 14:00:00+00:00,25.68020833,39.77166659,µg/m³,58.08091655,12.05120834,4032.98125,airgradient_prishtina_001,42.670917,21.151694,"Prishtina, Kosovo"
6232996,2026-02-09 15:00:00+00:00,26.23095833,40.28491656,µg/m³,61.17499989,10.80875,3971.26875,airgradient_prishtina_001,42.670917,21.151694,"Prishtina, Kosovo"
6232996,2026-02-09 16:00:00+00:00,27.74270833,42.64804157,µg/m³,61.99704153,9.936666636,4180.0125,airgradient_prishtina_001,42.670917,21.151694,"Prishtina, Kosovo"
6232996,2026-02-09 17:00:00+00:00,27.3151364,41.76263691,µg/m³,62.36118183,9.226681891,3968.070455,airgradient_prishtina_001,42.670917,21.151694,"Prishtina, Kosovo"
6232996,2026-02-09 18:00:00+00:00,28.18675,42.77300034,µg/m³,61.81899961,9.307208371,4136.304167,airgradient_prishtina_001,42.670917,21.151694,"Prishtina, Kosovo"
6232996,2026-02-09 19:00:00+00:00,26.02454162,40.32133347,µg/m³,62.32212493,8.638708309,3645.941667,airgradient_prishtina_001,42.670917,21.151694,"Prishtina, Kosovo"
6232996,2026-02-09 20:00:00+00:00,24.00087499,36.52441665,µg/m³,64.26445815,7.624374974,3121.929167,airgradient_prishtina_001,42.670917,21.151694,"Prishtina, Kosovo"
6232996,2026-02-09 21:00:00+00:00,23.3995,34.95983295,µg/m³,64.62470832,7.647625003,3062.322917,airgradient_prishtina_001,42.670917,21.151694,"Prishtina, Kosovo"
6232996,2026-02-09 22:00:00+00:00,23.53875,35.71566652,µg/m³,65.17974949,7.576499945,3080.797917,airgradient_prishtina_001,42.670917,21.151694,"Prishtina, Kosovo"
6232996,2026-02-09 23:00:00+00:00,20.96883334,31.76812495,µg/m³,65.73475018,7.199500028,2750.55625,airgradient_prishtina_001,42.670917,21.151694,"Prishtina, Kosovo"
6232996,2026-02-10 00:00:00+00:00,17.44379167,26.60124997,µg/m³,65.99450016,6.711833318,2267.804167,airgradient_prishtina_001,42.670917,21.151694,"Prishtina, Kosovo"
6232996,2026-02-10 01:00:00+00:00,14.16708334,21.34620833,µg/m³,64.11699986,7.034708323,1870.833333,airgradient_prishtina_001,42.670917,21.151694,"Prishtina, Kosovo"
6232996,2026-02-10 02:00:00+00:00,14.29658333,21.23975,µg/m³,62.1685417,7.369541677,1899.504167,airgradient_prishtina_001,42.670917,21.151694,"Prishtina, Kosovo"
6232996,2026-02-10 03:00:00+00:00,13.54945834,20.65066667,µg/m³,62.84108326,6.571958347,1745.11875,airgradient_prishtina_001,42.670917,21.151694,"Prishtina, Kosovo"
6232996,2026-02-10 04:00:00+00:00,12.59012501,19.487375,µg/m³,60.99158335,7.375083327,1710.958333,airgradient_prishtina_001,42.670917,21.151694,"Prishtina, Kosovo"
6232996,2026-02-10 05:00:00+00:00,11.35004167,17.45825,µg/m³,58.45375009,8.170666669,1589.14375,airgradient_prishtina_001,42.670917,21.151694,"Prishtina, Kosovo"
6232996,2026-02-10 06:00:00+00:00,12.71908333,19.53570834,µg/m³,58.2171248,8.011625055,1742.833333,airgradient_prishtina_001,42.670917,21.151694,"Prishtina, Kosovo"
6232996,2026-02-10 07:00:00+00:00,18.62966668,28.00241655,µg/m³,58.81495813,7.779833444,2500.816667,airgradient_prishtina_001,42.670917,21.151694,"Prishtina, Kosovo"
6232996,2026-02-10 08:00:00+00:00,25.59554154,39.41466668,µg/m³,58.38474992,8.622791723,3683.558333,airgradient_prishtina_001,42.670917,21.151694,"Prishtina, Kosovo"
6232996,2026-02-10 09:00:00+00:00,27.43033334,42.02154147,µg/m³,56.43583323,9.555249981,4244.19375,airgradient_prishtina_001,42.670917,21.151694,"Prishtina, Kosovo"
6232996,2026-02-10 10:00:00+00:00,33.04212484,51.05941683,µg/m³,55.50658331,10.26058335,5642.341667,airgradient_prishtina_001,42.670917,21.151694,"Prishtina, Kosovo"
6232996,2026-02-10 11:00:00+00:00,30.07729154,46.78666674,µg/m³,53.49737512,11.07650003,5090.30625,airgradient_prishtina_001,42.670917,21.151694,"Prishtina, Kosovo"
6232996,2026-02-10 12:00:00+00:00,26.72470834,41.0532918,µg/m³,51.48241653,11.71529178,4332.35,airgradient_prishtina_001,42.670917,21.151694,"Prishtina, Kosovo"
6232996,2026-02-10 13:00:00+00:00,26.5683,40.33259995,µg/m³,51.57384985,11.71744997,4266.1175,airgradient_prishtina_001,42.670917,21.151694,"Prishtina, Kosovo"
6232996,2026-02-10 14:00:00+00:00,28.58437504,43.85179183,µg/m³,51.96958302,11.97216679,4788.066667,airgradient_prishtina_001,42.670917,21.151694,"Prishtina, Kosovo"
6232996,2026-02-10 15:00:00+00:00,31.90654164,49.12724991,µg/m³,53.92737508,11.90795836,5713.266667,airgradient_prishtina_001,42.670917,21.151694,"Prishtina, Kosovo"
6232996,2026-02-10 16:00:00+00:00,41.66600011,65.97787495,µg/m³,56.82600007,11.20833329,7997.335417,airgradient_prishtina_001,42.670917,21.151694,"Prishtina, Kosovo"
6232996,2026-02-10 17:00:00+00:00,61.99258321,103.384,µg/m³,58.59566638,10.87083325,12553.81042,airgradient_prishtina_001,42.670917,21.151694,"Prishtina, Kosovo"
6232996,2026-02-10 18:00:00+00:00,37.5884167,59.20850029,µg/m³,60.35299994,10.75516667,6835.854167,airgradient_prishtina_001,42.670917,21.151694,"Prishtina, Kosovo"
6232996,2026-02-10 19:00:00+00:00,74.97191645,125.8703743,µg/m³,61.19554167,10.67166681,14979.26458,airgradient_prishtina_001,42.670917,21.151694,"Prishtina, Kosovo"
6232996,2026-02-10 20:00:00+00:00,33.46033366,51.14058325,µg/m³,63.01891667,10.23316667,6071.285417,airgradient_prishtina_001,42.670917,21.151694,"Prishtina, Kosovo"
6232996,2026-02-10 21:00:00+00:00,16.07458334,23.64612499,µg/m³,64.98591687,9.332041609,2254.841667,airgradient_prishtina_001,42.670917,21.151694,"Prishtina, Kosovo"
6232996,2026-02-10 22:00:00+00:00,16.534125,24.91520834,µg/m³,63.34366671,9.739749928,2333.677083,airgradient_prishtina_001,42.670917,21.151694,"Prishtina, Kosovo"
6232996,2026-02-10 23:00:00+00:00,16.63604167,24.9010834,µg/m³,62.57545846,9.9322498,2362.702083,airgradient_prishtina_001,42.670917,21.151694,"Prishtina, Kosovo"
6232996,2026-02-11 00:00:00+00:00,17.53116665,25.95691663,µg/m³,63.19358346,9.780166626,2471.822917,airgradient_prishtina_001,42.670917,21.151694,"Prishtina, Kosovo"
6232996,2026-02-11 01:00:00+00:00,16.27641667,24.28012501,µg/m³,62.41125005,9.89333322,2306.608333,airgradient_prishtina_001,42.670917,21.151694,"Prishtina, Kosovo"
6232996,2026-02-11 02:00:00+00:00,14.09324999,21.13191667,µg/m³,62.73387507,9.704333194,1994.160417,airgradient_prishtina_001,42.670917,21.151694,"Prishtina, Kosovo"
6232996,2026-02-11 03:00:00+00:00,10.8925,16.59445833,µg/m³,62.87637491,9.384999971,1560.5875,airgradient_prishtina_001,42.670917,21.151694,"Prishtina, Kosovo"
6232996,2026-02-11 04:00:00+00:00,13.17683334,20.54441667,µg/m³,63.1708751,9.208666515,1863.535417,airgradient_prishtina_001,42.670917,21.151694,"Prishtina, Kosovo"
6232996,2026-02-11 05:00:00+00:00,12.62970833,19.72933334,µg/m³,63.04129148,9.044583444,1787.954167,airgradient_prishtina_001,42.670917,21.151694,"Prishtina, Kosovo"
6232996,2026-02-11 06:00:00+00:00,13.73183333,21.49525006,µg/m³,62.64937496,9.129333353,1931.902083,airgradient_prishtina_001,42.670917,21.151694,"Prishtina, Kosovo"
6232996,2026-02-11 07:00:00+00:00,15.635375,24.15479167,µg/m³,61.50816668,9.650708338,2230.185417,airgradient_prishtina_001,42.670917,21.151694,"Prishtina, Kosovo"
6232996,2026-02-11 08:00:00+00:00,19.67891668,29.59683338,µg/m³,61.74733335,9.880833308,2745.820833,airgradient_prishtina_001,42.670917,21.151694,"Prishtina, Kosovo"
6232996,2026-02-11 09:00:00+00:00,23.91641668,36.77020833,µg/m³,61.81562492,10.44508338,3508.120833,airgradient_prishtina_001,42.670917,21.151694,"Prishtina, Kosovo"
6232996,2026-02-11 10:00:00+00:00,13.92579167,20.55366661,µg/m³,59.66266691,11.23616649,2067.435417,airgradient_prishtina_001,42.670917,21.151694,"Prishtina, Kosovo"
6232996,2026-02-11 11:00:00+00:00,13.32516669,19.54050001,µg/m³,57.51529156,11.65070844,1971.670833,airgradient_prishtina_001,42.670917,21.151694,"Prishtina, Kosovo"
6232996,2026-02-11 12:00:00+00:00,12.65812501,18.19383335,µg/m³,54.30733328,12.59679177,1935.329167,airgradient_prishtina_001,42.670917,21.151694,"Prishtina, Kosovo"
6232996,2026-02-11 13:00:00+00:00,12.143,17.44729167,µg/m³,53.84900006,12.80654159,1856.525,airgradient_prishtina_001,42.670917,21.151694,"Prishtina, Kosovo"
6232996,2026-02-11 14:00:00+00:00,13.01766666,18.667875,µg/m³,53.04237504,13.15670836,2027.03125,airgradient_prishtina_001,42.670917,21.151694,"Prishtina, Kosovo"
6232996,2026-02-11 15:00:00+00:00,12.29974999,17.77366665,µg/m³,54.66770821,12.33200007,1889.014583,airgradient_prishtina_001,42.670917,21.151694,"Prishtina, Kosovo"
6232996,2026-02-11 16:00:00+00:00,12.45733334,17.93241666,µg/m³,57.0753335,11.56137485,1881.845833,airgradient_prishtina_001,42.670917,21.151694,"Prishtina, Kosovo"
6232996,2026-02-11 17:00:00+00:00,19.39145833,30.03925009,µg/m³,57.08249993,11.41954149,2882.908333,airgradient_prishtina_001,42.670917,21.151694,"Prishtina, Kosovo"
6232996,2026-02-11 18:00:00+00:00,23.78241672,35.84716674,µg/m³,58.30924994,11.19770833,3774.208333,airgradient_prishtina_001,42.670917,21.151694,"Prishtina, Kosovo"
6232996,2026-02-11 19:00:00+00:00,20.8925,31.28558336,µg/m³,59.09566665,11.05733337,3136.479167,airgradient_prishtina_001,42.670917,21.151694,"Prishtina, Kosovo"
6232996,2026-02-11 20:00:00+00:00,17.23733333,25.31737508,µg/m³,59.06150004,11.03641678,2542.558333,airgradient_prishtina_001,42.670917,21.151694,"Prishtina, Kosovo"
6232996,2026-02-11 21:00:00+00:00,17.931125,27.52812509,µg/m³,59.06095845,11.05516675,2664.4625,airgradient_prishtina_001,42.670917,21.151694,"Prishtina, Kosovo"
6232996,2026-02-11 22:00:00+00:00,15.18133334,22.74908338,µg/m³,59.88320848,10.89216646,2199.26875,airgradient_prishtina_001,42.670917,21.151694,"Prishtina, Kosovo"
6232996,2026-02-11 23:00:00+00:00,11.541,17.58383334,µg/m³,60.28512491,10.87162494,1754.308333,airgradient_prishtina_001,42.670917,21.151694,"Prishtina, Kosovo"
6232996,2026-02-12 00:00:00+00:00,8.742208346,12.93704166,µg/m³,60.24925001,10.98924999,1345.014583,airgradient_prishtina_001,42.670917,21.151694,"Prishtina, Kosovo"
6232996,2026-02-12 01:00:00+00:00,7.84262499,11.49979168,µg/m³,60.14129184,11.1753334,1221.81875,airgradient_prishtina_001,42.670917,21.151694,"Prishtina, Kosovo"
6232996,2026-02-12 02:00:00+00:00,18.994375,29.20875022,µg/m³,60.87412502,11.17062511,2938.8625,airgradient_prishtina_001,42.670917,21.151694,"Prishtina, Kosovo"
6232996,2026-02-12 03:00:00+00:00,26.128625,40.11875003,µg/m³,61.65891649,10.84129161,4035.602083,airgradient_prishtina_001,42.670917,21.151694,"Prishtina, Kosovo"
6232996,2026-02-12 04:00:00+00:00,28.41875002,43.80354163,µg/m³,61.32650003,10.91004144,4702.441667,airgradient_prishtina_001,42.670917,21.151694,"Prishtina, Kosovo"
6232996,2026-02-12 05:00:00+00:00,18.09420833,27.86654175,µg/m³,62.25937503,10.78266671,2596.129167,airgradient_prishtina_001,42.670917,21.151694,"Prishtina, Kosovo"
6232996,2026-02-12 06:00:00+00:00,13.36029166,21.28720833,µg/m³,63.5985002,10.277375,1936.35,airgradient_prishtina_001,42.670917,21.151694,"Prishtina, Kosovo"
6232996,2026-02-12 07:00:00+00:00,20.1265,30.76429145,µg/m³,64.18966651,10.37279174,2952.622917,airgradient_prishtina_001,42.670917,21.151694,"Prishtina, Kosovo"
6232996,2026-02-12 08:00:00+00:00,18.0605,26.74954556,µg/m³,62.70954552,10.73163632,2634.847727,airgradient_prishtina_001,42.670917,21.151694,"Prishtina, Kosovo"
6232996,2026-02-12 09:00:00+00:00,17.34595834,25.27179174,µg/m³,60.96095832,11.67741675,2590.7625,airgradient_prishtina_001,42.670917,21.151694,"Prishtina, Kosovo"
6232996,2026-02-12 10:00:00+00:00,7.665166664,10.81391667,µg/m³,51.67449997,14.63174994,1316.10625,airgradient_prishtina_001,42.670917,21.151694,"Prishtina, Kosovo"
6232996,2026-02-12 11:00:00+00:00,8.69749999,12.8612916,µg/m³,48.95212488,14.92079159,1490.214583,airgradient_prishtina_001,42.670917,21.151694,"Prishtina, Kosovo"
6232996,2026-02-12 12:00:00+00:00,10.26427272,14.88745455,µg/m³,51.62277301,14.13486366,1691.284091,airgradient_prishtina_001,42.670917,21.151694,"Prishtina, Kosovo"
6232996,2026-02-12 13:00:00+00:00,6.419699993,9.176299992,µg/m³,56.05689991,12.79809996,1081.1,airgradient_prishtina_001,42.670917,21.151694,"Prishtina, Kosovo"
6232996,2026-02-12 14:00:00+00:00,5.316041668,7.338791664,µg/m³,50.10741676,14.43758337,968.9229167,airgradient_prishtina_001,42.670917,21.151694,"Prishtina, Kosovo"
6232996,2026-02-12 15:00:00+00:00,5.616333342,7.787333345,µg/m³,49.10858326,14.42741654,1025.604167,airgradient_prishtina_001,42.670917,21.151694,"Prishtina, Kosovo"
6232996,2026-02-12 16:00:00+00:00,8.317916663,11.97449999,µg/m³,50.18291669,13.77579166,1425.19375,airgradient_prishtina_001,42.670917,21.151694,"Prishtina, Kosovo"
6232996,2026-02-12 17:00:00+00:00,19.04962498,28.22416663,µg/m³,50.93204187,13.49533335,3290.789583,airgradient_prishtina_001,42.670917,21.151694,"Prishtina, Kosovo"
6232996,2026-02-12 18:00:00+00:00,33.57229148,49.88470834,µg/m³,53.92783356,12.86812501,6601.160417,airgradient_prishtina_001,42.670917,21.151694,"Prishtina, Kosovo"
6232996,2026-02-12 19:00:00+00:00,38.64858341,56.65591685,µg/m³,56.0855416,12.05154166,7717.420833,airgradient_prishtina_001,42.670917,21.151694,"Prishtina, Kosovo"
6232996,2026-02-12 20:00:00+00:00,43.5896246,64.70475044,µg/m³,57.24770842,11.38258337,9034.23125,airgradient_prishtina_001,42.670917,21.151694,"Prishtina, Kosovo"
6232996,2026-02-12 21:00:00+00:00,26.54283342,39.30287485,µg/m³,58.12416671,11.33320827,4813.916667,airgradient_prishtina_001,42.670917,21.151694,"Prishtina, Kosovo"
6232996,2026-02-12 22:00:00+00:00,14.89879167,22.21337491,µg/m³,58.77412496,11.53891655,2224.8875,airgradient_prishtina_001,42.670917,21.151694,"Prishtina, Kosovo"
6232996,2026-02-12 23:00:00+00:00,24.49212501,36.06025002,µg/m³,57.78362505,11.93004167,3828.145833,airgradient_prishtina_001,42.670917,21.151694,"Prishtina, Kosovo"
6232996,2026-02-13 00:00:00+00:00,34.41516701,51.05812518,µg/m³,57.44179177,11.89537501,6750.710417,airgradient_prishtina_001,42.670917,21.151694,"Prishtina, Kosovo"
6232996,2026-02-13 01:00:00+00:00,31.5166249,47.25658353,µg/m³,58.45729141,11.59779189,5521.635417,airgradient_prishtina_001,42.670917,21.151694,"Prishtina, Kosovo"
6232996,2026-02-13 02:00:00+00:00,35.1185414,52.48525009,µg/m³,59.11483363,11.16325006,6516.714583,airgradient_prishtina_001,42.670917,21.151694,"Prishtina, Kosovo"
6232996,2026-02-13 03:00:00+00:00,30.10237502,45.08858312,µg/m³,59.79241662,11.19358336,5078.141667,airgradient_prishtina_001,42.670917,21.151694,"Prishtina, Kosovo"
6232996,2026-02-13 04:00:00+00:00,26.45066668,39.7664168,µg/m³,60.26341675,11.13100007,4171.060417,airgradient_prishtina_001,42.670917,21.151694,"Prishtina, Kosovo"
6232996,2026-02-13 05:00:00+00:00,20.73841666,31.05262478,µg/m³,60.81162483,10.56908333,3015.6875,airgradient_prishtina_001,42.670917,21.151694,"Prishtina, Kosovo"
6232996,2026-02-13 06:00:00+00:00,15.10766668,22.22975,µg/m³,62.5272083,10.01083332,2145.341667,airgradient_prishtina_001,42.670917,21.151694,"Prishtina, Kosovo"
6232996,2026-02-13 07:00:00+00:00,14.52262503,21.8047083,µg/m³,62.4221667,10.12862498,2252.547917,airgradient_prishtina_001,42.670917,21.151694,"Prishtina, Kosovo"
6232996,2026-02-13 08:00:00+00:00,31.96439981,49.20680023,µg/m³,60.4549502,10.99860007,5753.1225,airgradient_prishtina_001,42.670917,21.151694,"Prishtina, Kosovo"
6232996,2026-02-13 09:00:00+00:00,23.10379171,34.56554184,µg/m³,60.51545833,11.04999998,3530.679167,airgradient_prishtina_001,42.670917,21.151694,"Prishtina, Kosovo"
6232996,2026-02-13 10:00:00+00:00,20.69824999,31.12025015,µg/m³,60.77591647,11.255375,2991.402083,airgradient_prishtina_001,42.670917,21.151694,"Prishtina, Kosovo"
6232996,2026-02-13 11:00:00+00:00,11.38991666,16.03524998,µg/m³,54.0511668,13.12362496,1767.635417,airgradient_prishtina_001,42.670917,21.151694,"Prishtina, Kosovo"
6232996,2026-02-13 12:00:00+00:00,11.43516666,16.18833334,µg/m³,53.42291662,13.26875007,1797.8,airgradient_prishtina_001,42.670917,21.151694,"Prishtina, Kosovo"
6232996,2026-02-13 13:00:00+00:00,16.72441667,24.47820828,µg/m³,53.40154171,13.20495838,2572.616667,airgradient_prishtina_001,42.670917,21.151694,"Prishtina, Kosovo"
6232996,2026-02-13 14:00:00+00:00,18.74145833,27.80504174,µg/m³,51.49654158,13.67845841,2885.695833,airgradient_prishtina_001,42.670917,21.151694,"Prishtina, Kosovo"
6232996,2026-02-13 15:00:00+00:00,23.07329168,35.72495864,µg/m³,54.04062489,12.9811666,3618.658333,airgradient_prishtina_001,42.670917,21.151694,"Prishtina, Kosovo"
6232996,2026-02-13 16:00:00+00:00,26.29554171,41.27470849,µg/m³,54.92099989,12.54587497,4238.48125,airgradient_prishtina_001,42.670917,21.151694,"Prishtina, Kosovo"
6232996,2026-02-13 17:00:00+00:00,28.39479173,44.67929198,µg/m³,56.60895829,12.28070828,4790.102083,airgradient_prishtina_001,42.670917,21.151694,"Prishtina, Kosovo"
6232996,2026-02-13 18:00:00+00:00,28.55766681,45.46908353,µg/m³,58.22383296,11.76899998,4766.358333,airgradient_prishtina_001,42.670917,21.151694,"Prishtina, Kosovo"
6232996,2026-02-13 19:00:00+00:00,28.21308327,45.76312504,µg/m³,59.08091667,11.51016668,4605.258333,airgradient_prishtina_001,42.670917,21.151694,"Prishtina, Kosovo"
6232996,2026-02-13 20:00:00+00:00,26.02741671,40.5110417,µg/m³,57.85754204,11.62733341,4103.6375,airgradient_prishtina_001,42.670917,21.151694,"Prishtina, Kosovo"
6232996,2026-02-13 21:00:00+00:00,19.40904167,30.09316672,µg/m³,57.42137531,11.34654164,2823.014583,airgradient_prishtina_001,42.670917,21.151694,"Prishtina, Kosovo"
6232996,2026-02-13 22:00:00+00:00,32.68983339,52.82295828,µg/m³,57.33983339,11.4810416,5829.008333,airgradient_prishtina_001,42.670917,21.151694,"Prishtina, Kosovo"
6232996,2026-02-13 23:00:00+00:00,24.25391676,37.15908362,µg/m³,57.11424988,10.92820834,3783.3375,airgradient_prishtina_001,42.670917,21.151694,"Prishtina, Kosovo"
6232996,2026-02-14 00:00:00+00:00,47.72075005,72.18412495,µg/m³,60.60145812,9.364166705,8934.829167,airgradient_prishtina_001,42.670917,21.151694,"Prishtina, Kosovo"
6232996,2026-02-14 01:00:00+00:00,33.4054582,50.91866671,µg/m³,61.61487481,8.35383335,5277.8,airgradient_prishtina_001,42.670917,21.151694,"Prishtina, Kosovo"
6232996,2026-02-14 02:00:00+00:00,28.69279169,44.14366709,µg/m³,62.42045819,7.640791706,4123.054167,airgradient_prishtina_001,42.670917,21.151694,"Prishtina, Kosovo"
6232996,2026-02-14 03:00:00+00:00,22.70999997,35.22641676,µg/m³,63.09529182,7.117291605,3047.479167,airgradient_prishtina_001,42.670917,21.151694,"Prishtina, Kosovo"
6232996,2026-02-14 04:00:00+00:00,19.53166666,30.5584164,µg/m³,63.68000007,6.726833272,2509.714583,airgradient_prishtina_001,42.670917,21.151694,"Prishtina, Kosovo"
6232996,2026-02-14 05:00:00+00:00,19.36391667,30.59316672,µg/m³,63.41233338,6.582166708,2489.345833,airgradient_prishtina_001,42.670917,21.151694,"Prishtina, Kosovo"
6232996,2026-02-14 06:00:00+00:00,23.0493333,34.76508338,µg/m³,63.19754154,6.738250027,3047.054167,airgradient_prishtina_001,42.670917,21.151694,"Prishtina, Kosovo"
6232996,2026-02-14 07:00:00+00:00,28.43362485,43.90687543,µg/m³,62.00004153,7.543500012,4076.1625,airgradient_prishtina_001,42.670917,21.151694,"Prishtina, Kosovo"
6232996,2026-02-14 08:00:00+00:00,26.46712495,42.22362496,µg/m³,57.64450013,10.28120835,4110.325,airgradient_prishtina_001,42.670917,21.151694,"Prishtina, Kosovo"
6232996,2026-02-14 09:00:00+00:00,28.52658335,44.79591662,µg/m³,55.57383323,11.11816669,4650.052083,airgradient_prishtina_001,42.670917,21.151694,"Prishtina, Kosovo"
6232996,2026-02-14 10:00:00+00:00,30.37166667,47.24829146,µg/m³,54.69445828,11.9548334,5285.0875,airgradient_prishtina_001,42.670917,21.151694,"Prishtina, Kosovo"
6232996,2026-02-14 11:00:00+00:00,25.30320833,39.89295839,µg/m³,53.24270838,12.70920827,4149.847917,airgradient_prishtina_001,42.670917,21.151694,"Prishtina, Kosovo"
6232996,2026-02-14 12:00:00+00:00,24.74733334,38.93087482,µg/m³,53.00845809,12.95329154,4073.58125,airgradient_prishtina_001,42.670917,21.151694,"Prishtina, Kosovo"
6232996,2026-02-14 13:00:00+00:00,22.62416666,34.84920793,µg/m³,51.05783334,13.02945822,3555.716667,airgradient_prishtina_001,42.670917,21.151694,"Prishtina, Kosovo"
6232996,2026-02-14 14:00:00+00:00,23.928625,37.03491659,µg/m³,50.87604171,13.00433321,3845.916667,airgradient_prishtina_001,42.670917,21.151694,"Prishtina, Kosovo"
6232996,2026-02-14 15:00:00+00:00,23.72541666,36.4912501,µg/m³,50.82500013,12.75720839,3802.13125,airgradient_prishtina_001,42.670917,21.151694,"Prishtina, Kosovo"
6232996,2026-02-14 16:00:00+00:00,22.27891668,35.00766653,µg/m³,51.82858318,12.40879163,3466.35625,airgradient_prishtina_001,42.670917,21.151694,"Prishtina, Kosovo"
6232996,2026-02-14 17:00:00+00:00,30.27824992,47.69591662,µg/m³,56.64899999,12.20658331,5303.397917,airgradient_prishtina_001,42.670917,21.151694,"Prishtina, Kosovo"
6232996,2026-02-14 18:00:00+00:00,18.45441667,28.09370824,µg/m³,61.82479192,11.19304171,2804.510417,airgradient_prishtina_001,42.670917,21.151694,"Prishtina, Kosovo"
6232996,2026-02-14 19:00:00+00:00,19.67670841,28.70108333,µg/m³,64.56970879,10.47358331,3139.008333,airgradient_prishtina_001,42.670917,21.151694,"Prishtina, Kosovo"
6232996,2026-02-14 20:00:00+00:00,35.2761664,53.89566665,µg/m³,63.69149985,11.18316667,6742.8875,airgradient_prishtina_001,42.670917,21.151694,"Prishtina, Kosovo"
6232996,2026-02-14 21:00:00+00:00,42.78670839,64.89174995,µg/m³,63.51387502,11.38312498,8509.85,airgradient_prishtina_001,42.670917,21.151694,"Prishtina, Kosovo"
6232996,2026-02-14 22:00:00+00:00,24.0055417,37.14308333,µg/m³,63.61587494,11.35691678,3822.35625,airgradient_prishtina_001,42.670917,21.151694,"Prishtina, Kosovo"
6232996,2026-02-14 23:00:00+00:00,17.30125001,26.2973333,µg/m³,64.6079998,11.21775002,2544.554167,airgradient_prishtina_001,42.670917,21.151694,"Prishtina, Kosovo"
6232996,2026-02-15 00:00:00+00:00,10.82249999,16.17345835,µg/m³,65.17750018,11.26691668,1652.51875,airgradient_prishtina_001,42.670917,21.151694,"Prishtina, Kosovo"
6232996,2026-02-15 01:00:00+00:00,6.346583337,9.574624991,µg/m³,64.64799983,11.41799988,1062.564583,airgradient_prishtina_001,42.670917,21.151694,"Prishtina, Kosovo"
6232996,2026-02-15 02:00:00+00:00,10.896375,16.67908333,µg/m³,65.52037512,11.36070838,1668.291667,airgradient_prishtina_001,42.670917,21.151694,"Prishtina, Kosovo"
6232996,2026-02-15 03:00:00+00:00,9.426375016,14.05558333,µg/m³,68.32241653,10.89387488,1441.539583,airgradient_prishtina_001,42.670917,21.151694,"Prishtina, Kosovo"
6232996,2026-02-15 04:00:00+00:00,6.898409089,10.27072728,µg/m³,67.77390917,10.68209092,1121.218182,airgradient_prishtina_001,42.670917,21.151694,"Prishtina, Kosovo"
6232996,2026-02-15 05:00:00+00:00,4.542249997,7.25737501,µg/m³,66.75533352,11.05791678,823.1145833,airgradient_prishtina_001,42.670917,21.151694,"Prishtina, Kosovo"
6232996,2026-02-15 06:00:00+00:00,5.978500001,8.497416671,µg/m³,68.10862481,11.14945844,1000.464583,airgradient_prishtina_001,42.670917,21.151694,"Prishtina, Kosovo"
6232996,2026-02-15 07:00:00+00:00,6.503250002,8.788236108,µg/m³,66.35040216,11.13022235,1057.315278,airgradient_prishtina_001,42.670917,21.151694,"Prishtina, Kosovo"
6232996,2026-02-15 08:00:00+00:00,15.12254167,21.35299999,µg/m³,65.86370796,11.36462502,2267.102083,airgradient_prishtina_001,42.670917,21.151694,"Prishtina, Kosovo"
6232996,2026-02-15 09:00:00+00:00,9.350125003,13.742375,µg/m³,64.81508306,11.44012502,1451.910417,airgradient_prishtina_001,42.670917,21.151694,"Prishtina, Kosovo"
6232996,2026-02-15 10:00:00+00:00,7.391166671,10.70454166,µg/m³,61.55641669,12.31570832,1204.297917,airgradient_prishtina_001,42.670917,21.151694,"Prishtina, Kosovo"
6232996,2026-02-15 11:00:00+00:00,10.60316666,15.20829167,µg/m³,58.01150015,14.11495825,1736.497917,airgradient_prishtina_001,42.670917,21.151694,"Prishtina, Kosovo"
6232996,2026-02-15 12:00:00+00:00,5.806208328,8.264958326,µg/m³,53.9879584,15.16045842,1045.054167,airgradient_prishtina_001,42.670917,21.151694,"Prishtina, Kosovo"
6232996,2026-02-15 13:00:00+00:00,3.649291667,5.756750003,µg/m³,54.69270833,13.8258333,714.23125,airgradient_prishtina_001,42.670917,21.151694,"Prishtina, Kosovo"
6232996,2026-02-15 14:00:00+00:00,7.403041659,12.17616666,µg/m³,56.51862496,12.82649997,1272.247917,airgradient_prishtina_001,42.670917,21.151694,"Prishtina, Kosovo"
6232996,2026-02-15 15:00:00+00:00,3.719708339,5.48912501,µg/m³,57.36954153,12.24075003,710.4083333,airgradient_prishtina_001,42.670917,21.151694,"Prishtina, Kosovo"
6232996,2026-02-15 16:00:00+00:00,8.129250002,12.63112497,µg/m³,59.95991669,11.9296667,1319.254167,airgradient_prishtina_001,42.670917,21.151694,"Prishtina, Kosovo"
6232996,2026-02-15 17:00:00+00:00,11.21808333,17.7192083,µg/m³,64.95600009,9.453375002,1657.93125,airgradient_prishtina_001,42.670917,21.151694,"Prishtina, Kosovo"
6232996,2026-02-15 18:00:00+00:00,16.22833333,23.32316667,µg/m³,65.77979167,8.640083345,2221.370833,airgradient_prishtina_001,42.670917,21.151694,"Prishtina, Kosovo"
6232996,2026-02-15 19:00:00+00:00,14.166875,20.52308331,µg/m³,63.26112501,8.073500005,1945.420833,airgradient_prishtina_001,42.670917,21.151694,"Prishtina, Kosovo"
6232996,2026-02-15 20:00:00+00:00,15.10866667,21.79329176,µg/m³,63.58133324,7.058374955,1990.579167,airgradient_prishtina_001,42.670917,21.151694,"Prishtina, Kosovo"
6232996,2026-02-15 21:00:00+00:00,18.94454167,27.50370826,µg/m³,62.67870825,6.691791683,2417.025,airgradient_prishtina_001,42.670917,21.151694,"Prishtina, Kosovo"
6232996,2026-02-15 22:00:00+00:00,18.86658333,27.44112509,µg/m³,61.91195817,6.320375115,2402.575,airgradient_prishtina_001,42.670917,21.151694,"Prishtina, Kosovo"
6232996,2026-02-15 23:00:00+00:00,18.58433332,28.29204165,µg/m³,60.09762473,6.207374914,2381.5375,airgradient_prishtina_001,42.670917,21.151694,"Prishtina, Kosovo"
6232996,2026-02-16 00:00:00+00:00,19.10495832,29.11283328,µg/m³,58.30000005,6.534666642,2461.4,airgradient_prishtina_001,42.670917,21.151694,"Prishtina, Kosovo"
6232996,2026-02-16 01:00:00+00:00,15.45658334,21.78016667,µg/m³,57.09049993,6.799416614,2022.272917,airgradient_prishtina_001,42.670917,21.151694,"Prishtina, Kosovo"
6232996,2026-02-16 02:00:00+00:00,12.39441665,17.72733334,µg/m³,56.87295822,6.666833303,1657.664583,airgradient_prishtina_001,42.670917,21.151694,"Prishtina, Kosovo"
6232996,2026-02-16 03:00:00+00:00,10.47037501,14.746375,µg/m³,56.81995819,6.838541689,1431.541667,airgradient_prishtina_001,42.670917,21.151694,"Prishtina, Kosovo"
6232996,2026-02-16 04:00:00+00:00,9.04504168,12.84816667,µg/m³,56.47479169,7.016833361,1262.177083,airgradient_prishtina_001,42.670917,21.151694,"Prishtina, Kosovo"
6232996,2026-02-16 05:00:00+00:00,11.58416667,16.67879167,µg/m³,57.54929193,7.350458304,1563.8125,airgradient_prishtina_001,42.670917,21.151694,"Prishtina, Kosovo"
6232996,2026-02-16 06:00:00+00:00,13.71666668,20.74904166,µg/m³,59.7541251,6.622458349,1794.94375,airgradient_prishtina_001,42.670917,21.151694,"Prishtina, Kosovo"
6232996,2026-02-16 07:00:00+00:00,18.10916664,27.87904157,µg/m³,59.15091678,7.089166689,2419.629167,airgradient_prishtina_001,42.670917,21.151694,"Prishtina, Kosovo"
6232996,2026-02-16 08:00:00+00:00,14.78033334,21.58654168,µg/m³,56.72370811,7.987500095,2002.310417,airgradient_prishtina_001,42.670917,21.151694,"Prishtina, Kosovo"
6232996,2026-02-16 09:00:00+00:00,15.99779168,23.8004583,µg/m³,52.44724992,9.260416631,2247.697917,airgradient_prishtina_001,42.670917,21.151694,"Prishtina, Kosovo"
6232996,2026-02-16 10:00:00+00:00,14.84962501,22.26587493,µg/m³,49.48808338,10.32962507,2135.841667,airgradient_prishtina_001,42.670917,21.151694,"Prishtina, Kosovo"
6232996,2026-02-16 11:00:00+00:00,17.71283333,27.19970849,µg/m³,48.31958318,10.98883334,2636.889583,airgradient_prishtina_001,42.670917,21.151694,"Prishtina, Kosovo"
6232996,2026-02-16 12:00:00+00:00,17.59133333,26.89337507,µg/m³,49.31504162,11.18516671,2573.933333,airgradient_prishtina_001,42.670917,21.151694,"Prishtina, Kosovo"
6232996,2026-02-16 13:00:00+00:00,18.70208333,28.50083342,µg/m³,49.92074997,11.75720829,2755.820833,airgradient_prishtina_001,42.670917,21.151694,"Prishtina, Kosovo"
6232996,2026-02-16 14:00:00+00:00,15.39379165,22.56937501,µg/m³,51.11870836,11.9109166,2275.625,airgradient_prishtina_001,42.670917,21.151694,"Prishtina, Kosovo"
6232996,2026-02-16 15:00:00+00:00,10.41850001,14.80270833,µg/m³,49.89837524,11.94037497,1606.38125,airgradient_prishtina_001,42.670917,21.151694,"Prishtina, Kosovo"
6232996,2026-02-16 16:00:00+00:00,20.02141663,29.69683339,µg/m³,49.12825014,11.74279153,3462.8,airgradient_prishtina_001,42.670917,21.151694,"Prishtina, Kosovo"
6232996,2026-02-16 17:00:00+00:00,21.74004176,34.34125005,µg/m³,48.47583345,11.27229174,3569.48125,airgradient_prishtina_001,42.670917,21.151694,"Prishtina, Kosovo"
6232996,2026-02-16 18:00:00+00:00,14.19754166,21.61729166,µg/m³,49.92129188,10.98116654,2116.525,airgradient_prishtina_001,42.670917,21.151694,"Prishtina, Kosovo"
6232996,2026-02-16 19:00:00+00:00,13.35441667,19.64404167,µg/m³,51.56029177,10.6538751,1987.48125,airgradient_prishtina_001,42.670917,21.151694,"Prishtina, Kosovo"
6232996,2026-02-16 20:00:00+00:00,8.749333318,12.5505,µg/m³,50.95949974,10.53008347,1359.975,airgradient_prishtina_001,42.670917,21.151694,"Prishtina, Kosovo"
6232996,2026-02-16 21:00:00+00:00,22.18954546,34.02204543,µg/m³,49.84704548,10.42527273,3783.909091,airgradient_prishtina_001,42.670917,21.151694,"Prishtina, Kosovo"
6232996,2026-02-16 22:00:00+00:00,84.93462505,126.1783337,µg/m³,51.71954193,10.48724996,16894.35833,airgradient_prishtina_001,42.670917,21.151694,"Prishtina, Kosovo"
6232996,2026-02-16 23:00:00+00:00,59.02820848,87.34216677,µg/m³,52.51200007,10.57412505,11879.85833,airgradient_prishtina_001,42.670917,21.151694,"Prishtina, Kosovo"
6232996,2026-02-17 00:00:00+00:00,23.73512491,35.14595826,µg/m³,52.23970817,10.59820849,3824.483333,airgradient_prishtina_001,42.670917,21.151694,"Prishtina, Kosovo"
6232996,2026-02-17 01:00:00+00:00,12.13566669,17.18283327,µg/m³,56.15191684,10.00491662,1795.502083,airgradient_prishtina_001,42.670917,21.151694,"Prishtina, Kosovo"
6232996,2026-02-17 02:00:00+00:00,9.39779168,13.69933335,µg/m³,58.84329149,9.592541893,1380.395833,airgradient_prishtina_001,42.670917,21.151694,"Prishtina, Kosovo"
6232996,2026-02-17 03:00:00+00:00,8.874625007,12.89195831,µg/m³,62.2000416,9.043583298,1309.91875,airgradient_prishtina_001,42.670917,21.151694,"Prishtina, Kosovo"
6232996,2026-02-17 04:00:00+00:00,7.924625007,11.54979168,µg/m³,62.64500027,9.049833393,1179.366667,airgradient_prishtina_001,42.670917,21.151694,"Prishtina, Kosovo"
6232996,2026-02-17 05:00:00+00:00,7.288666662,9.880625002,µg/m³,61.75362473,9.289750024,1090.472917,airgradient_prishtina_001,42.670917,21.151694,"Prishtina, Kosovo"
6232996,2026-02-17 06:00:00+00:00,6.501124994,9.101916647,µg/m³,62.80029173,9.262208354,1012.585417,airgradient_prishtina_001,42.670917,21.151694,"Prishtina, Kosovo"
6232996,2026-02-17 07:00:00+00:00,4.762958328,6.665375002,µg/m³,63.73270834,8.983541667,800.8958333,airgradient_prishtina_001,42.670917,21.151694,"Prishtina, Kosovo"
6232996,2026-02-17 08:00:00+00:00,5.024500006,7.041045458,µg/m³,61.91690918,9.737954638,851.3636364,airgradient_prishtina_001,42.670917,21.151694,"Prishtina, Kosovo"
6232996,2026-02-17 09:00:00+00:00,5.358833331,7.562833325,µg/m³,56.68012492,11.69604164,937.3875,airgradient_prishtina_001,42.670917,21.151694,"Prishtina, Kosovo"
6232996,2026-02-17 10:00:00+00:00,5.475125003,8.049291666,µg/m³,55.07700006,11.94791675,961.49375,airgradient_prishtina_001,42.670917,21.151694,"Prishtina, Kosovo"
6232996,2026-02-17 11:00:00+00:00,14.88045836,21.71558342,µg/m³,59.8143333,11.06641672,2328.989583,airgradient_prishtina_001,42.670917,21.151694,"Prishtina, Kosovo"
6232996,2026-02-17 12:00:00+00:00,8.471625002,12.53883333,µg/m³,63.20333314,7.163833342,1216.05625,airgradient_prishtina_001,42.670917,21.151694,"Prishtina, Kosovo"
6232996,2026-02-17 13:00:00+00:00,9.772166665,14.30504167,µg/m³,65.52775046,5.724458325,1308.929167,airgradient_prishtina_001,42.670917,21.151694,"Prishtina, Kosovo"
6232996,2026-02-17 14:00:00+00:00,9.077541677,12.50845834,µg/m³,65.04508327,5.888375004,1221.560417,airgradient_prishtina_001,42.670917,21.151694,"Prishtina, Kosovo"
6232996,2026-02-17 15:00:00+00:00,4.341666669,5.957541664,µg/m³,63.64462496,5.826833395,682.1416667,airgradient_prishtina_001,42.670917,21.151694,"Prishtina, Kosovo"
6232996,2026-02-17 16:00:00+00:00,5.510083324,7.890458337,µg/m³,61.92095828,5.735583313,818.975,airgradient_prishtina_001,42.670917,21.151694,"Prishtina, Kosovo"
6232996,2026-02-17 17:00:00+00:00,5.28575001,7.946999995,µg/m³,62.50087509,5.479749999,803.9895833,airgradient_prishtina_001,42.670917,21.151694,"Prishtina, Kosovo"
6232996,2026-02-17 18:00:00+00:00,6.555208339,9.230291677,µg/m³,62.5207502,5.448625012,918.75625,airgradient_prishtina_001,42.670917,21.151694,"Prishtina, Kosovo"
6232996,2026-02-17 19:00:00+00:00,15.66612499,22.95291667,µg/m³,61.36312497,6.013333321,2024.429167,airgradient_prishtina_001,42.670917,21.151694,"Prishtina, Kosovo"
6232996,2026-02-17 20:00:00+00:00,16.76,24.70559087,µg/m³,60.23527288,6.274272793,2142.131818,airgradient_prishtina_001,42.670917,21.151694,"Prishtina, Kosovo"
6232996,2026-02-17 21:00:00+00:00,25.50387499,39.38933383,µg/m³,58.5257918,6.451875049,3416.614583,airgradient_prishtina_001,42.670917,21.151694,"Prishtina, Kosovo"
6232996,2026-02-17 22:00:00+00:00,15.58849999,22.61070831,µg/m³,59.07200015,6.398916664,2037.65625,airgradient_prishtina_001,42.670917,21.151694,"Prishtina, Kosovo"
6232996,2026-02-17 23:00:00+00:00,10.08754167,15.14308333,µg/m³,61.59054186,5.878041752,1342.360417,airgradient_prishtina_001,42.670917,21.151694,"Prishtina, Kosovo"
6232996,2026-02-18 00:00:00+00:00,12.58879166,19.25570837,µg/m³,59.8957084,6.135749972,1635.3875,airgradient_prishtina_001,42.670917,21.151694,"Prishtina, Kosovo"
6232996,2026-02-18 01:00:00+00:00,7.971227273,12.67081822,µg/m³,56.9275908,5.805909116,1087.125,airgradient_prishtina_001,42.670917,21.151694,"Prishtina, Kosovo"
6232996,2026-02-18 02:00:00+00:00,3.778875014,5.584250005,µg/m³,57.93804172,5.634916641,604.6229167,airgradient_prishtina_001,42.670917,21.151694,"Prishtina, Kosovo"
6232996,2026-02-18 03:00:00+00:00,5.144833328,7.928291663,µg/m³,58.46895833,5.468249977,745.46875,airgradient_prishtina_001,42.670917,21.151694,"Prishtina, Kosovo"
6232996,2026-02-18 04:00:00+00:00,5.183124995,7.783333333,µg/m³,58.05491652,5.692166638,771.4270833,airgradient_prishtina_001,42.670917,21.151694,"Prishtina, Kosovo"
6232996,2026-02-18 05:00:00+00:00,4.128333346,5.877541661,µg/m³,56.81429143,5.542291665,652.43125,airgradient_prishtina_001,42.670917,21.151694,"Prishtina, Kosovo"
6232996,2026-02-18 06:00:00+00:00,3.611727281,5.475590905,µg/m³,55.09222754,5.617863581,588.5136364,airgradient_prishtina_001,42.670917,21.151694,"Prishtina, Kosovo"
6232996,2026-02-18 07:00:00+00:00,3.483562502,5.045062482,µg/m³,53.40856233,5.73937498,584.98125,airgradient_prishtina_001,42.670917,21.151694,"Prishtina, Kosovo"
6232996,2026-02-18 08:00:00+00:00,3.616958334,5.225416674,µg/m³,49.49750007,6.716208388,619.0625,airgradient_prishtina_001,42.670917,21.151694,"Prishtina, Kosovo"
6232996,2026-02-18 09:00:00+00:00,9.33100001,15.55337491,µg/m³,44.95620809,8.836416602,1391.66875,airgradient_prishtina_001,42.670917,21.151694,"Prishtina, Kosovo"
6232996,2026-02-18 10:00:00+00:00,10.07925,15.5047917,µg/m³,43.40383337,8.87920841,1439.322917,airgradient_prishtina_001,42.670917,21.151694,"Prishtina, Kosovo"
6232996,2026-02-18 11:00:00+00:00,4.572458339,6.454833333,µg/m³,44.25470845,8.448083238,745.75,airgradient_prishtina_001,42.670917,21.151694,"Prishtina, Kosovo"
6232996,2026-02-18 12:00:00+00:00,3.049083332,4.219625002,µg/m³,44.24983346,8.658208307,582.6958333,airgradient_prishtina_001,42.670917,21.151694,"Prishtina, Kosovo"
6232996,2026-02-18 13:00:00+00:00,4.302083349,6.029208334,µg/m³,44.00995841,9.008416708,729.675,airgradient_prishtina_001,42.670917,21.151694,"Prishtina, Kosovo"
6232996,2026-02-18 14:00:00+00:00,6.049041663,8.442166678,µg/m³,41.2320001,9.371500067,948.5354167,airgradient_prishtina_001,42.670917,21.151694,"Prishtina, Kosovo"
6232996,2026-02-18 15:00:00+00:00,7.06070834,9.890458337,µg/m³,41.95266658,8.876541678,1072.766667,airgradient_prishtina_001,42.670917,21.151694,"Prishtina, Kosovo"
6232996,2026-02-18 16:00:00+00:00,15.06520835,21.42537515,µg/m³,43.40716654,8.376833121,2046.8375,airgradient_prishtina_001,42.670917,21.151694,"Prishtina, Kosovo"
6232996,2026-02-18 17:00:00+00:00,21.69074993,32.95820831,µg/m³,43.34941638,8.031458465,3013.004167,airgradient_prishtina_001,42.670917,21.151694,"Prishtina, Kosovo"
6232996,2026-02-18 18:00:00+00:00,61.5971667,96.43074951,µg/m³,43.50974989,7.637499923,10569.79792,airgradient_prishtina_001,42.670917,21.151694,"Prishtina, Kosovo"
6232996,2026-02-18 19:00:00+00:00,128.2724166,195.4401255,µg/m³,48.28941687,6.401333318,22461.64375,airgradient_prishtina_001,42.670917,21.151694,"Prishtina, Kosovo"
6232996,2026-02-18 20:00:00+00:00,67.84808324,102.5665417,µg/m³,49.00262492,6.26050001,12106.75417,airgradient_prishtina_001,42.670917,21.151694,"Prishtina, Kosovo"
6232996,2026-02-18 21:00:00+00:00,178.2122081,280.1422506,µg/m³,52.17929147,5.604416694,30150.08125,airgradient_prishtina_001,42.670917,21.151694,"Prishtina, Kosovo"
6232996,2026-02-18 22:00:00+00:00,109.2609168,165.9082917,µg/m³,52.57862488,5.142749991,18656.92708,airgradient_prishtina_001,42.670917,21.151694,"Prishtina, Kosovo"
6232996,2026-02-18 23:00:00+00:00,82.12795459,124.9598182,µg/m³,51.32077274,5.36327271,14290.23864,airgradient_prishtina_001,42.670917,21.151694,"Prishtina, Kosovo"
6232996,2026-02-19 00:00:00+00:00,57.75466677,87.99966647,µg/m³,52.30720828,4.881083318,10045.39375,airgradient_prishtina_001,42.670917,21.151694,"Prishtina, Kosovo"
6232996,2026-02-19 01:00:00+00:00,82.78174973,127.3025418,µg/m³,53.50950004,4.563166642,14064.2375,airgradient_prishtina_001,42.670917,21.151694,"Prishtina, Kosovo"
6232996,2026-02-19 02:00:00+00:00,53.80104186,82.55104186,µg/m³,53.89699995,4.400500011,8874.689583,airgradient_prishtina_001,42.670917,21.151694,"Prishtina, Kosovo"
6232996,2026-02-19 03:00:00+00:00,44.67350006,68.47295831,µg/m³,55.04824985,4.154166599,7041.4,airgradient_prishtina_001,42.670917,21.151694,"Prishtina, Kosovo"
6232996,2026-02-19 04:00:00+00:00,39.66,60.52290024,µg/m³,53.36569977,4.539850011,5840.7125,airgradient_prishtina_001,42.670917,21.151694,"Prishtina, Kosovo"
6232996,2026-02-19 05:00:00+00:00,73.18370851,114.0198331,µg/m³,54.44674993,4.215083297,12390.39167,airgradient_prishtina_001,42.670917,21.151694,"Prishtina, Kosovo"
6232996,2026-02-19 06:00:00+00:00,60.04145845,91.35433324,µg/m³,54.40504169,4.300208384,10116.325,airgradient_prishtina_001,42.670917,21.151694,"Prishtina, Kosovo"
6232996,2026-02-19 07:00:00+00:00,43.92704166,65.75791651,µg/m³,53.84229182,4.850749969,6940.072917,airgradient_prishtina_001,42.670917,21.151694,"Prishtina, Kosovo"
6232996,2026-02-19 08:00:00+00:00,40.48589996,60.64390015,µg/m³,51.6183996,6.687499971,6598.92,airgradient_prishtina_001,42.670917,21.151694,"Prishtina, Kosovo"
6232996,2026-02-19 09:00:00+00:00,38.75495834,57.96208318,µg/m³,44.8120834,9.544374935,7156.897917,airgradient_prishtina_001,42.670917,21.151694,"Prishtina, Kosovo"
6232996,2026-02-19 10:00:00+00:00,26.29020825,39.05329154,µg/m³,40.98233344,11.29687503,4272.89375,airgradient_prishtina_001,42.670917,21.151694,"Prishtina, Kosovo"
6232996,2026-02-19 11:00:00+00:00,6.832000001,9.564083338,µg/m³,36.62516627,13.55587492,1179.560417,airgradient_prishtina_001,42.670917,21.151694,"Prishtina, Kosovo"
6232996,2026-02-19 12:00:00+00:00,5.031208332,6.854416672,µg/m³,36.47620818,13.87395833,920.4333333,airgradient_prishtina_001,42.670917,21.151694,"Prishtina, Kosovo"
6232996,2026-02-19 13:00:00+00:00,5.851000007,8.230125006,µg/m³,37.82683311,13.33225004,1056.65,airgradient_prishtina_001,42.670917,21.151694,"Prishtina, Kosovo"
6232996,2026-02-19 14:00:00+00:00,7.577875002,10.89470832,µg/m³,38.88570828,13.15183328,1301.4,airgradient_prishtina_001,42.670917,21.151694,"Prishtina, Kosovo"
6232996,2026-02-19 15:00:00+00:00,16.40575,24.1406251,µg/m³,42.33770831,12.36029162,2500.695833,airgradient_prishtina_001,42.670917,21.151694,"Prishtina, Kosovo"
6232996,2026-02-19 16:00:00+00:00,19.54179167,28.32233334,µg/m³,41.89945838,11.68908335,2916.741667,airgradient_prishtina_001,42.670917,21.151694,"Prishtina, Kosovo"
6232996,2026-02-19 17:00:00+00:00,15.76854166,22.87633338,µg/m³,42.70562499,10.90700006,2318.454167,airgradient_prishtina_001,42.670917,21.151694,"Prishtina, Kosovo"
6232996,2026-02-19 18:00:00+00:00,16.89062499,25.28562502,µg/m³,41.87958353,11.18650014,2503.860417,airgradient_prishtina_001,42.670917,21.151694,"Prishtina, Kosovo"
6232996,2026-02-19 19:00:00+00:00,9.24358333,12.77641667,µg/m³,41.5054169,11.36783322,1430.81875,airgradient_prishtina_001,42.670917,21.151694,"Prishtina, Kosovo"
6232996,2026-02-19 20:00:00+00:00,9.706625009,13.18300001,µg/m³,42.72900004,11.33000005,1473.272917,airgradient_prishtina_001,42.670917,21.151694,"Prishtina, Kosovo"
6232996,2026-02-19 21:00:00+00:00,12.53108335,17.61983336,µg/m³,43.62116671,11.47679162,1891.966667,airgradient_prishtina_001,42.670917,21.151694,"Prishtina, Kosovo"
6232996,2026-02-19 22:00:00+00:00,11.44233333,16.85033334,µg/m³,45.41395833,11.36820819,1763.41875,airgradient_prishtina_001,42.670917,21.151694,"Prishtina, Kosovo"
6232996,2026-02-19 23:00:00+00:00,6.196458332,8.725624998,µg/m³,46.16137511,11.3264167,1026.133333,airgradient_prishtina_001,42.670917,21.151694,"Prishtina, Kosovo"
6232996,2026-02-20 00:00:00+00:00,4.980166674,7.31379168,µg/m³,48.61695825,10.98337493,880.9375,airgradient_prishtina_001,42.670917,21.151694,"Prishtina, Kosovo"
6232996,2026-02-20 01:00:00+00:00,4.893125002,7.26558334,µg/m³,49.94687497,10.64775014,873.0125,airgradient_prishtina_001,42.670917,21.151694,"Prishtina, Kosovo"
6232996,2026-02-20 02:00:00+00:00,4.746458332,7.101458335,µg/m³,51.19200018,10.30875007,835.6375,airgradient_prishtina_001,42.670917,21.151694,"Prishtina, Kosovo"
6232996,2026-02-20 03:00:00+00:00,3.948708336,6.034416676,µg/m³,51.84041635,10.38991674,741.41875,airgradient_prishtina_001,42.670917,21.151694,"Prishtina, Kosovo"
6232996,2026-02-20 04:00:00+00:00,5.043958338,7.119249996,µg/m³,52.51870818,10.39566671,872.1333333,airgradient_prishtina_001,42.670917,21.151694,"Prishtina, Kosovo"
6232996,2026-02-20 05:00:00+00:00,4.453541668,6.453833342,µg/m³,52.969042,10.45566655,806.1875,airgradient_prishtina_001,42.670917,21.151694,"Prishtina, Kosovo"
6232996,2026-02-20 06:00:00+00:00,4.956833331,7.514500014,µg/m³,56.56279159,10.31066673,864.1833333,airgradient_prishtina_001,42.670917,21.151694,"Prishtina, Kosovo"
6232996,2026-02-20 07:00:00+00:00,9.319444444,13.29338889,µg/m³,61.87766652,9.670222394,1402.061111,airgradient_prishtina_001,42.670917,21.151694,"Prishtina, Kosovo"
6232996,2026-02-20 08:00:00+00:00,6.361599998,8.832050009,µg/m³,62.1768,9.72635005,1007.5375,airgradient_prishtina_001,42.670917,21.151694,"Prishtina, Kosovo"
6232996,2026-02-20 09:00:00+00:00,5.482136354,7.670000007,µg/m³,58.17545457,11.01663637,947.4840909,airgradient_prishtina_001,42.670917,21.151694,"Prishtina, Kosovo"
6232996,2026-02-20 10:00:00+00:00,6.701874995,9.076500003,µg/m³,60.99470836,10.54216676,1072.358333,airgradient_prishtina_001,42.670917,21.151694,"Prishtina, Kosovo"
6232996,2026-02-20 11:00:00+00:00,7.652958322,10.42820831,µg/m³,60.71045845,10.67199994,1208.9375,airgradient_prishtina_001,42.670917,21.151694,"Prishtina, Kosovo"
6232996,2026-02-20 12:00:00+00:00,5.922958334,8.089125005,µg/m³,55.91908323,12.47758329,1033.35625,airgradient_prishtina_001,42.670917,21.151694,"Prishtina, Kosovo"
6232996,2026-02-20 13:00:00+00:00,5.056458322,7.476291712,µg/m³,57.39220832,12.0227083,896.6625,airgradient_prishtina_001,42.670917,21.151694,"Prishtina, Kosovo"
6232996,2026-02-20 14:00:00+00:00,4.480583334,6.273541681,µg/m³,56.44445844,12.24445823,827.975,airgradient_prishtina_001,42.670917,21.151694,"Prishtina, Kosovo"
6232996,2026-02-20 15:00:00+00:00,6.325999996,8.787208325,µg/m³,55.18666668,12.35141649,1081.458333,airgradient_prishtina_001,42.670917,21.151694,"Prishtina, Kosovo"
6232996,2026-02-20 16:00:00+00:00,9.466291674,13.990125,µg/m³,55.03383311,12.12366678,1558.952083,airgradient_prishtina_001,42.670917,21.151694,"Prishtina, Kosovo"
6232996,2026-02-20 17:00:00+00:00,27.67762502,40.85150003,µg/m³,56.51579161,11.83866674,4825.304167,airgradient_prishtina_001,42.670917,21.151694,"Prishtina, Kosovo"
6232996,2026-02-20 18:00:00+00:00,41.36629163,62.04699974,µg/m³,56.98929154,11.55616671,7991.21875,airgradient_prishtina_001,42.670917,21.151694,"Prishtina, Kosovo"
6232996,2026-02-20 19:00:00+00:00,62.57950008,94.33658346,µg/m³,56.32175013,11.46058335,12371.47708,airgradient_prishtina_001,42.670917,21.151694,"Prishtina, Kosovo"
6232996,2026-02-20 20:00:00+00:00,124.6178751,189.7164577,µg/m³,61.9429585,9.686625036,23886.71458,airgradient_prishtina_001,42.670917,21.151694,"Prishtina, Kosovo"
6232996,2026-02-20 21:00:00+00:00,102.7864581,154.6633336,µg/m³,62.9147919,8.998708288,19475.54167,airgradient_prishtina_001,42.670917,21.151694,"Prishtina, Kosovo"
6232996,2026-02-20 22:00:00+00:00,94.23262501,141.1466253,µg/m³,62.16150015,8.712750038,17738.65417,airgradient_prishtina_001,42.670917,21.151694,"Prishtina, Kosovo"
6232996,2026-02-20 23:00:00+00:00,48.3027915,73.09049966,µg/m³,62.59562505,8.807833358,8387.710417,airgradient_prishtina_001,42.670917,21.151694,"Prishtina, Kosovo"
6232996,2026-02-21 00:00:00+00:00,12.20183333,17.45116666,µg/m³,64.38004182,8.602624969,1695.458333,airgradient_prishtina_001,42.670917,21.151694,"Prishtina, Kosovo"
6232996,2026-02-21 01:00:00+00:00,7.692000008,10.83075,µg/m³,63.67574981,8.325708361,1138.9375,airgradient_prishtina_001,42.670917,21.151694,"Prishtina, Kosovo"
6232996,2026-02-21 02:00:00+00:00,7.42208333,10.40033333,µg/m³,65.22349987,6.822916694,1050.466667,airgradient_prishtina_001,42.670917,21.151694,"Prishtina, Kosovo"
6232996,2026-02-21 03:00:00+00:00,6.224249999,8.913874984,µg/m³,64.35450023,6.31466678,915.20625,airgradient_prishtina_001,42.670917,21.151694,"Prishtina, Kosovo"
6232996,2026-02-21 04:00:00+00:00,8.624708327,11.97170832,µg/m³,63.12212494,6.020458357,1162.008333,airgradient_prishtina_001,42.670917,21.151694,"Prishtina, Kosovo"
6232996,2026-02-21 05:00:00+00:00,9.634291673,14.025875,µg/m³,61.38833365,5.677874966,1275.908333,airgradient_prishtina_001,42.670917,21.151694,"Prishtina, Kosovo"
6232996,2026-02-21 06:00:00+00:00,8.530791656,12.51649998,µg/m³,59.46183335,5.682708329,1154.902083,airgradient_prishtina_001,42.670917,21.151694,"Prishtina, Kosovo"
6232996,2026-02-21 07:00:00+00:00,5.375624998,7.61541667,µg/m³,56.90862492,5.957833346,805.75625,airgradient_prishtina_001,42.670917,21.151694,"Prishtina, Kosovo"
6232996,2026-02-21 08:00:00+00:00,6.284041667,9.114625001,µg/m³,58.22466658,5.482916639,892.7666667,airgradient_prishtina_001,42.670917,21.151694,"Prishtina, Kosovo"
6232996,2026-02-21 09:00:00+00:00,9.26941665,13.72629166,µg/m³,58.73054155,5.446958389,1213.314583,airgradient_prishtina_001,42.670917,21.151694,"Prishtina, Kosovo"
6232996,2026-02-21 10:00:00+00:00,10.00554167,14.36800001,µg/m³,55.74916658,5.953291686,1348.329167,airgradient_prishtina_001,42.670917,21.151694,"Prishtina, Kosovo"
6232996,2026-02-21 11:00:00+00:00,11.02691666,15.78366671,µg/m³,53.87733308,6.108041579,1451.329167,airgradient_prishtina_001,42.670917,21.151694,"Prishtina, Kosovo"
6232996,2026-02-21 12:00:00+00:00,16.37870832,24.92525002,µg/m³,54.06166674,6.349333334,2084.327083,airgradient_prishtina_001,42.670917,21.151694,"Prishtina, Kosovo"
6232996,2026-02-21 13:00:00+00:00,17.39329167,25.46350009,µg/m³,53.43874997,6.793833319,2228.25625,airgradient_prishtina_001,42.670917,21.151694,"Prishtina, Kosovo"
6232996,2026-02-21 14:00:00+00:00,19.24695833,29.00995839,µg/m³,52.56545857,6.8677083,2469.785417,airgradient_prishtina_001,42.670917,21.151694,"Prishtina, Kosovo"
6232996,2026-02-21 15:00:00+00:00,23.50658333,36.12166657,µg/m³,53.85379162,6.358375029,2973.945833,airgradient_prishtina_001,42.670917,21.151694,"Prishtina, Kosovo"
6232996,2026-02-21 16:00:00+00:00,26.59066664,41.92475011,µg/m³,57.14175013,5.502875002,3299.904167,airgradient_prishtina_001,42.670917,21.151694,"Prishtina, Kosovo"
6232996,2026-02-21 17:00:00+00:00,25.34170823,39.72166662,µg/m³,59.30620821,4.972375015,3061.3375,airgradient_prishtina_001,42.670917,21.151694,"Prishtina, Kosovo"
6232996,2026-02-21 18:00:00+00:00,20.204875,30.89616647,µg/m³,56.71283336,4.843500016,2436.716667,airgradient_prishtina_001,42.670917,21.151694,"Prishtina, Kosovo"
6232996,2026-02-21 19:00:00+00:00,24.64025,37.7284167,µg/m³,55.49920839,5.464625019,3031.560417,airgradient_prishtina_001,42.670917,21.151694,"Prishtina, Kosovo"
6232996,2026-02-21 20:00:00+00:00,26.595125,41.46316665,µg/m³,57.71837524,5.317333317,3292.81875,airgradient_prishtina_001,42.670917,21.151694,"Prishtina, Kosovo"
6232996,2026-02-21 21:00:00+00:00,28.77633332,44.08512516,µg/m³,59.85345826,5.331500036,3660.604167,airgradient_prishtina_001,42.670917,21.151694,"Prishtina, Kosovo"
6232996,2026-02-21 22:00:00+00:00,27.37566659,42.19337486,µg/m³,61.4195834,5.051333296,3390.264583,airgradient_prishtina_001,42.670917,21.151694,"Prishtina, Kosovo"
6232996,2026-02-21 23:00:00+00:00,27.41574999,42.51474991,µg/m³,61.35195856,5.017583321,3360.06875,airgradient_prishtina_001,42.670917,21.151694,"Prishtina, Kosovo"
6232996,2026-02-22 00:00:00+00:00,23.68704167,37.21912511,µg/m³,61.57579161,4.80466667,2852.99375,airgradient_prishtina_001,42.670917,21.151694,"Prishtina, Kosovo"
6232996,2026-02-22 01:00:00+00:00,21.31395833,33.33150006,µg/m³,61.43729186,5.006708324,2608.09375,airgradient_prishtina_001,42.670917,21.151694,"Prishtina, Kosovo"
6232996,2026-02-22 02:00:00+00:00,19.47399999,30.41283309,µg/m³,61.63987508,4.92591668,2375.764583,airgradient_prishtina_001,42.670917,21.151694,"Prishtina, Kosovo"
6232996,2026-02-22 03:00:00+00:00,18.01000001,29.11337501,µg/m³,60.82829183,4.92050005,2223.085417,airgradient_prishtina_001,42.670917,21.151694,"Prishtina, Kosovo"
6232996,2026-02-22 04:00:00+00:00,17.427,29.20495819,µg/m³,61.3076249,4.889166752,2137.95,airgradient_prishtina_001,42.670917,21.151694,"Prishtina, Kosovo"
6232996,2026-02-22 05:00:00+00:00,20.41954167,33.39449993,µg/m³,61.47712495,5.049208303,2474.60625,airgradient_prishtina_001,42.670917,21.151694,"Prishtina, Kosovo"
6232996,2026-02-22 06:00:00+00:00,19.88679167,31.84574983,µg/m³,60.72208339,5.338000067,2453.110417,airgradient_prishtina_001,42.670917,21.151694,"Prishtina, Kosovo"
6232996,2026-02-22 07:00:00+00:00,17.10995834,26.80237495,µg/m³,60.27004148,5.662041638,2159.941667,airgradient_prishtina_001,42.670917,21.151694,"Prishtina, Kosovo"
6232996,2026-02-22 08:00:00+00:00,20.07283333,32.00487524,µg/m³,61.99362486,5.546499983,2469.284722,airgradient_prishtina_001,42.670917,21.151694,"Prishtina, Kosovo"
6232996,2026-02-22 09:00:00+00:00,18.6375,28.93595823,µg/m³,60.66124984,6.595124994,2360.695833,airgradient_prishtina_001,42.670917,21.151694,"Prishtina, Kosovo"
6232996,2026-02-22 10:00:00+00:00,12.98170834,19.60170834,µg/m³,58.14841646,7.779874971,1758.983333,airgradient_prishtina_001,42.670917,21.151694,"Prishtina, Kosovo"
6232996,2026-02-22 11:00:00+00:00,8.511791666,12.85104158,µg/m³,55.04854167,8.870875045,1254.902083,airgradient_prishtina_001,42.670917,21.151694,"Prishtina, Kosovo"
6232996,2026-02-22 12:00:00+00:00,12.27,17.91349999,µg/m³,52.02562502,9.823041697,1769.397917,airgradient_prishtina_001,42.670917,21.151694,"Prishtina, Kosovo"
6232996,2026-02-22 13:00:00+00:00,14.37254167,20.78154167,µg/m³,52.35233356,9.776666705,2026.327083,airgradient_prishtina_001,42.670917,21.151694,"Prishtina, Kosovo"
6232996,2026-02-22 14:00:00+00:00,8.931458322,12.96516666,µg/m³,49.73899995,10.51433342,1375.283333,airgradient_prishtina_001,42.670917,21.151694,"Prishtina, Kosovo"
6232996,2026-02-22 15:00:00+00:00,11.09224995,15.95775003,µg/m³,49.17212491,10.43112504,1662.597917,airgradient_prishtina_001,42.670917,21.151694,"Prishtina, Kosovo"
6232996,2026-02-22 16:00:00+00:00,28.25858328,42.79437501,µg/m³,50.2521667,10.0549584,4433.354167,airgradient_prishtina_001,42.670917,21.151694,"Prishtina, Kosovo"
6232996,2026-02-22 17:00:00+00:00,45.45858358,69.73787518,µg/m³,50.74620813,9.588499987,8399.872917,airgradient_prishtina_001,42.670917,21.151694,"Prishtina, Kosovo"
6232996,2026-02-22 18:00:00+00:00,104.0737083,157.52225,µg/m³,54.46170824,8.29483341,19336.28542,airgradient_prishtina_001,42.670917,21.151694,"Prishtina, Kosovo"
6232996,2026-02-22 19:00:00+00:00,117.2982498,179.6867084,µg/m³,56.43462512,7.61366667,21350.89375,airgradient_prishtina_001,42.670917,21.151694,"Prishtina, Kosovo"
6232996,2026-02-22 20:00:00+00:00,95.83041674,146.7944583,µg/m³,57.91754203,6.773791653,17207.70625,airgradient_prishtina_001,42.670917,21.151694,"Prishtina, Kosovo"
6232996,2026-02-22 21:00:00+00:00,115.1108331,176.4391246,µg/m³,59.28670855,6.091875072,20113.7875,airgradient_prishtina_001,42.670917,21.151694,"Prishtina, Kosovo"
6232996,2026-02-22 22:00:00+00:00,110.5421251,170.2794578,µg/m³,60.20733363,5.672333336,19133.09375,airgradient_prishtina_001,42.670917,21.151694,"Prishtina, Kosovo"
6232996,2026-02-22 23:00:00+00:00,94.35781846,143.6011362,µg/m³,60.71145507,5.333772785,16275.10909,airgradient_prishtina_001,42.670917,21.151694,"Prishtina, Kosovo"
6232996,2026-02-23 00:00:00+00:00,63.64237499,95.05491664,µg/m³,60.39262503,5.324583469,11135.59792,airgradient_prishtina_001,42.670917,21.151694,"Prishtina, Kosovo"
6232996,2026-02-23 01:00:00+00:00,50.50058378,76.78525009,µg/m³,60.16520844,5.213833306,8716.889583,airgradient_prishtina_001,42.670917,21.151694,"Prishtina, Kosovo"
6232996,2026-02-23 02:00:00+00:00,46.2547917,70.37116648,µg/m³,59.50316669,5.426999986,7834.81875,airgradient_prishtina_001,42.670917,21.151694,"Prishtina, Kosovo"
6232996,2026-02-23 03:00:00+00:00,44.60295823,69.59045823,µg/m³,59.02608349,5.727333363,7361.091667,airgradient_prishtina_001,42.670917,21.151694,"Prishtina, Kosovo"
6232996,2026-02-23 04:00:00+00:00,43.04795834,66.12008336,µg/m³,60.67725015,5.366416651,7016.391667,airgradient_prishtina_001,42.670917,21.151694,"Prishtina, Kosovo"
6232996,2026-02-23 05:00:00+00:00,35.66454144,55.02633336,µg/m³,61.2492914,4.941666675,5106.883333,airgradient_prishtina_001,42.670917,21.151694,"Prishtina, Kosovo"
6232996,2026-02-23 06:00:00+00:00,38.33370816,58.00574951,µg/m³,61.24695814,4.909166741,5623.43125,airgradient_prishtina_001,42.670917,21.151694,"Prishtina, Kosovo"
6232996,2026-02-23 07:00:00+00:00,42.7028333,66.09708379,µg/m³,58.94612514,6.093833282,7135.385417,airgradient_prishtina_001,42.670917,21.151694,"Prishtina, Kosovo"
6232996,2026-02-23 08:00:00+00:00,41.95699997,63.58108304,µg/m³,54.08499962,8.980000055,7971.6375,airgradient_prishtina_001,42.670917,21.151694,"Prishtina, Kosovo"
6232996,2026-02-23 09:00:00+00:00,40.62975006,62.13633321,µg/m³,50.49058307,10.82583339,8100.466667,airgradient_prishtina_001,42.670917,21.151694,"Prishtina, Kosovo"
6232996,2026-02-23 10:00:00+00:00,33.99699974,52.70066668,µg/m³,47.79408345,11.61250003,6148.841667,airgradient_prishtina_001,42.670917,21.151694,"Prishtina, Kosovo"
6232996,2026-02-23 11:00:00+00:00,22.76741667,34.65716681,µg/m³,43.54083314,12.6085834,3663.5625,airgradient_prishtina_001,42.670917,21.151694,"Prishtina, Kosovo"
6232996,2026-02-23 12:00:00+00:00,21.34929167,31.73762512,µg/m³,41.27808307,13.55645839,3301.725,airgradient_prishtina_001,42.670917,21.151694,"Prishtina, Kosovo"
6232996,2026-02-23 13:00:00+00:00,21.84995837,33.40379171,µg/m³,39.53204163,14.5248749,3606.316667,airgradient_prishtina_001,42.670917,21.151694,"Prishtina, Kosovo"
6232996,2026-02-23 14:00:00+00:00,21.13308334,31.41645849,µg/m³,39.67304166,14.65450011,3439.039583,airgradient_prishtina_001,42.670917,21.151694,"Prishtina, Kosovo"
6232996,2026-02-23 15:00:00+00:00,19.39912501,29.01829167,µg/m³,40.21900001,14.56266683,3064.716667,airgradient_prishtina_001,42.670917,21.151694,"Prishtina, Kosovo"
6232996,2026-02-23 16:00:00+00:00,28.4131665,42.78400015,µg/m³,41.38483327,14.33666662,5578.091667,airgradient_prishtina_001,42.670917,21.151694,"Prishtina, Kosovo"
6232996,2026-02-23 17:00:00+00:00,94.90175018,144.7201667,µg/m³,43.72499998,13.58483339,20211.97083,airgradient_prishtina_001,42.670917,21.151694,"Prishtina, Kosovo"
6232996,2026-02-23 18:00:00+00:00,138.9871668,213.2544575,µg/m³,47.8402499,12.25679162,28214.55208,airgradient_prishtina_001,42.670917,21.151694,"Prishtina, Kosovo"
6232996,2026-02-23 19:00:00+00:00,121.9327083,187.3468754,µg/m³,51.18708347,11.01362504,24194.38333,airgradient_prishtina_001,42.670917,21.151694,"Prishtina, Kosovo"
6232996,2026-02-23 20:00:00+00:00,106.5592915,161.260958,µg/m³,53.92391642,9.931874979,20665.425,airgradient_prishtina_001,42.670917,21.151694,"Prishtina, Kosovo"
6232996,2026-02-23 21:00:00+00:00,126.5054996,200.6988749,µg/m³,55.27224997,9.260541757,23994.75833,airgradient_prishtina_001,42.670917,21.151694,"Prishtina, Kosovo"
6232996,2026-02-23 22:00:00+00:00,114.8217499,175.5626672,µg/m³,55.77220823,9.032125064,21710.07917,airgradient_prishtina_001,42.670917,21.151694,"Prishtina, Kosovo"
6232996,2026-02-23 23:00:00+00:00,94.7002086,143.2309581,µg/m³,56.37283297,8.804916592,17952.35,airgradient_prishtina_001,42.670917,21.151694,"Prishtina, Kosovo"
6232996,2026-02-24 00:00:00+00:00,97.11670831,148.8525418,µg/m³,56.54012515,8.625041771,18296.73542,airgradient_prishtina_001,42.670917,21.151694,"Prishtina, Kosovo"
6232996,2026-02-24 01:00:00+00:00,61.2564586,92.81745828,µg/m³,57.00554182,8.398000034,11678.74583,airgradient_prishtina_001,42.670917,21.151694,"Prishtina, Kosovo"
6232996,2026-02-24 02:00:00+00:00,44.77759115,67.85613632,µg/m³,56.83731804,8.139590812,8395.829545,airgradient_prishtina_001,42.670917,21.151694,"Prishtina, Kosovo"
6232996,2026-02-24 03:00:00+00:00,42.05374985,63.66416651,µg/m³,57.11470844,7.889125029,7586.141667,airgradient_prishtina_001,42.670917,21.151694,"Prishtina, Kosovo"
6232996,2026-02-24 04:00:00+00:00,38.13391673,57.88670839,µg/m³,57.24729182,7.552374923,6330.933333,airgradient_prishtina_001,42.670917,21.151694,"Prishtina, Kosovo"
6232996,2026-02-24 05:00:00+00:00,32.90100012,49.92895845,µg/m³,58.5472086,7.013916653,4878.639583,airgradient_prishtina_001,42.670917,21.151694,"Prishtina, Kosovo"
6232996,2026-02-24 06:00:00+00:00,39.63887478,60.59983304,µg/m³,58.34529165,7.050125057,6504.9375,airgradient_prishtina_001,42.670917,21.151694,"Prishtina, Kosovo"
6232996,2026-02-24 07:00:00+00:00,34.17641665,50.64862499,µg/m³,56.9827501,7.839166679,5538.535417,airgradient_prishtina_001,42.670917,21.151694,"Prishtina, Kosovo"
6232996,2026-02-24 08:00:00+00:00,37.19712489,56.53620828,µg/m³,54.02162509,9.86808335,6779.15625,airgradient_prishtina_001,42.670917,21.151694,"Prishtina, Kosovo"
6232996,2026-02-24 09:00:00+00:00,37.4,56.4,µg/m³,52,10.5,6976,airgradient_prishtina_001,42.670917,21.151694,"Prishtina, Kosovo"
6232996,2026-02-24 10:00:00+00:00,24.2,36,µg/m³,48,11.4,3822,airgradient_prishtina_001,42.670917,21.151694,"Prishtina, Kosovo"
6232996,2026-02-24 11:00:00+00:00,12.4,18.2,µg/m³,43,14,1998,airgradient_prishtina_001,42.670917,21.151694,"Prishtina, Kosovo"
6232996,2026-02-24 12:00:00+00:00,8.8,12.8,µg/m³,39,15.4,1585,airgradient_prishtina_001,42.670917,21.151694,"Prishtina, Kosovo"
6232996,2026-02-24 13:00:00+00:00,8.4,11.7,µg/m³,39,14.9,1432,airgradient_prishtina_001,42.670917,21.151694,"Prishtina, Kosovo"
6232996,2026-02-24 14:00:00+00:00,31.2,47,µg/m³,53,11.8,5353,airgradient_prishtina_001,42.670917,21.151694,"Prishtina, Kosovo"
6232996,2026-02-24 15:00:00+00:00,22.2,32.5,µg/m³,61,10.4,3275,airgradient_prishtina_001,42.670917,21.151694,"Prishtina, Kosovo"
6232996,2026-02-24 16:00:00+00:00,13.7,19.7,µg/m³,57,10.5,2029,airgradient_prishtina_001,42.670917,21.151694,"Prishtina, Kosovo"
6232996,2026-02-24 17:00:00+00:00,14.4,23.2,µg/m³,53,10.6,2375,airgradient_prishtina_001,42.670917,21.151694,"Prishtina, Kosovo"
6232996,2026-02-24 18:00:00+00:00,14.2,21.2,µg/m³,53,10.4,2084,airgradient_prishtina_001,42.670917,21.151694,"Prishtina, Kosovo"
6232996,2026-02-24 19:00:00+00:00,12.7,18.6,µg/m³,55,10.1,1927,airgradient_prishtina_001,42.670917,21.151694,"Prishtina, Kosovo"
6232996,2026-02-24 20:00:00+00:00,19.3,28.2,µg/m³,54,9.8,2784,airgradient_prishtina_001,42.670917,21.151694,"Prishtina, Kosovo"
6232996,2026-02-24 21:00:00+00:00,51.8,77.3,µg/m³,55,8.9,9624,airgradient_prishtina_001,42.670917,21.151694,"Prishtina, Kosovo"
6232996,2026-02-24 22:00:00+00:00,102.8,156,µg/m³,58,8.1,19002,airgradient_prishtina_001,42.670917,21.151694,"Prishtina, Kosovo"
6232996,2026-02-24 23:00:00+00:00,102,154.6,µg/m³,59,7,18435,airgradient_prishtina_001,42.670917,21.151694,"Prishtina, Kosovo"
6232996,2026-02-25 00:00:00+00:00,59.9,89.9,µg/m³,59,6.8,10918,airgradient_prishtina_001,42.670917,21.151694,"Prishtina, Kosovo"
6232996,2026-02-25 01:00:00+00:00,47.3,71.1,µg/m³,60,6.4,8200,airgradient_prishtina_001,42.670917,21.151694,"Prishtina, Kosovo"
6232996,2026-02-25 02:00:00+00:00,39,59.3,µg/m³,60,6.5,6410,airgradient_prishtina_001,42.670917,21.151694,"Prishtina, Kosovo"
6232996,2026-02-25 03:00:00+00:00,12.6,17.6,µg/m³,60,7.4,1708,airgradient_prishtina_001,42.670917,21.151694,"Prishtina, Kosovo"
6232996,2026-02-25 04:00:00+00:00,39.9,59.6,µg/m³,61,7.3,6702,airgradient_prishtina_001,42.670917,21.151694,"Prishtina, Kosovo"
6232996,2026-02-25 05:00:00+00:00,36.4,54.1,µg/m³,60,7.7,5959,airgradient_prishtina_001,42.670917,21.151694,"Prishtina, Kosovo"
6232996,2026-02-25 06:00:00+00:00,39.8,59.7,µg/m³,61,7.2,6537,airgradient_prishtina_001,42.670917,21.151694,"Prishtina, Kosovo"
6232996,2026-02-25 07:00:00+00:00,36.8,54.6,µg/m³,61,7.9,6062,airgradient_prishtina_001,42.670917,21.151694,"Prishtina, Kosovo"
6232996,2026-02-25 08:00:00+00:00,27.5,40,µg/m³,52,11.2,4526,airgradient_prishtina_001,42.670917,21.151694,"Prishtina, Kosovo"
6232996,2026-02-25 09:00:00+00:00,14.9,21,µg/m³,43,13.9,2349,airgradient_prishtina_001,42.670917,21.151694,"Prishtina, Kosovo"
6232996,2026-02-25 10:00:00+00:00,5.1,7.1,µg/m³,41,12.6,911,airgradient_prishtina_001,42.670917,21.151694,"Prishtina, Kosovo"
6232996,2026-02-25 11:00:00+00:00,4.6,6.3,µg/m³,39,12.9,848,airgradient_prishtina_001,42.670917,21.151694,"Prishtina, Kosovo"
6232996,2026-02-25 12:00:00+00:00,6.6,9.2,µg/m³,36,13.3,1120,airgradient_prishtina_001,42.670917,21.151694,"Prishtina, Kosovo"
6232996,2026-02-25 13:00:00+00:00,4.5,6.3,µg/m³,35,13.3,841,airgradient_prishtina_001,42.670917,21.151694,"Prishtina, Kosovo"
6232996,2026-02-25 14:00:00+00:00,3.6,4.9,µg/m³,33,13.6,711,airgradient_prishtina_001,42.670917,21.151694,"Prishtina, Kosovo"
6232996,2026-02-25 15:00:00+00:00,5.2,6.7,µg/m³,33,13.5,930,airgradient_prishtina_001,42.670917,21.151694,"Prishtina, Kosovo"
6232996,2026-02-25 16:00:00+00:00,11.1,16.1,µg/m³,35,13.1,1825,airgradient_prishtina_001,42.670917,21.151694,"Prishtina, Kosovo"
6232996,2026-02-25 17:00:00+00:00,27.7,41.6,µg/m³,40,12.1,4648,airgradient_prishtina_001,42.670917,21.151694,"Prishtina, Kosovo"
6232996,2026-02-25 18:00:00+00:00,30.5,46.2,µg/m³,43,10.8,5036,airgradient_prishtina_001,42.670917,21.151694,"Prishtina, Kosovo"
6232996,2026-02-25 19:00:00+00:00,49.1,75.4,µg/m³,43,10.3,9019,airgradient_prishtina_001,42.670917,21.151694,"Prishtina, Kosovo"
6232996,2026-02-25 20:00:00+00:00,73.9,111.7,µg/m³,46,9.4,14399,airgradient_prishtina_001,42.670917,21.151694,"Prishtina, Kosovo"
6232996,2026-02-25 21:00:00+00:00,38.3,57.7,µg/m³,46,9.2,6420,airgradient_prishtina_001,42.670917,21.151694,"Prishtina, Kosovo"
6232996,2026-02-25 22:00:00+00:00,20.6,30.5,µg/m³,50,8.7,2782,airgradient_prishtina_001,42.670917,21.151694,"Prishtina, Kosovo"
6232996,2026-02-25 23:00:00+00:00,20.8,31.1,µg/m³,52,8.9,2842,airgradient_prishtina_001,42.670917,21.151694,"Prishtina, Kosovo"
6232996,2026-02-26 00:00:00+00:00,23.1,34.1,µg/m³,52,8.6,3223,airgradient_prishtina_001,42.670917,21.151694,"Prishtina, Kosovo"
6232996,2026-02-26 01:00:00+00:00,52.7,79.6,µg/m³,54,7.5,9564,airgradient_prishtina_001,42.670917,21.151694,"Prishtina, Kosovo"
6232996,2026-02-26 02:00:00+00:00,38.8,58.2,µg/m³,54,7.3,6444,airgradient_prishtina_001,42.670917,21.151694,"Prishtina, Kosovo"
6232996,2026-02-26 03:00:00+00:00,37.2,56.5,µg/m³,52,8.2,6255,airgradient_prishtina_001,42.670917,21.151694,"Prishtina, Kosovo"
6232996,2026-02-26 04:00:00+00:00,28.4,42.4,µg/m³,52,8.1,4100,airgradient_prishtina_001,42.670917,21.151694,"Prishtina, Kosovo"
6232996,2026-02-26 05:00:00+00:00,25.2,37.3,µg/m³,53,7.8,3853,airgradient_prishtina_001,42.670917,21.151694,"Prishtina, Kosovo"
6232996,2026-02-26 06:00:00+00:00,22,32.5,µg/m³,54,7.8,3072,airgradient_prishtina_001,42.670917,21.151694,"Prishtina, Kosovo"
6232996,2026-02-26 07:00:00+00:00,15.4,23,µg/m³,54,8,2092,airgradient_prishtina_001,42.670917,21.151694,"Prishtina, Kosovo"
6232996,2026-02-26 08:00:00+00:00,22.9,35.2,µg/m³,50,11,3683,airgradient_prishtina_001,42.670917,21.151694,"Prishtina, Kosovo"
6232996,2026-02-26 09:00:00+00:00,14.4,21,µg/m³,44,12.5,2201,airgradient_prishtina_001,42.670917,21.151694,"Prishtina, Kosovo"
6232996,2026-02-26 10:00:00+00:00,12.7,18.4,µg/m³,43,11.7,1909,airgradient_prishtina_001,42.670917,21.151694,"Prishtina, Kosovo"
6232996,2026-02-26 11:00:00+00:00,12.8,17.7,µg/m³,40,13.1,1999,airgradient_prishtina_001,42.670917,21.151694,"Prishtina, Kosovo"
6232996,2026-02-26 12:00:00+00:00,11.3,15.6,µg/m³,39,13.6,1782,airgradient_prishtina_001,42.670917,21.151694,"Prishtina, Kosovo"
6232996,2026-02-26 13:00:00+00:00,10.5,14.4,µg/m³,35,14.7,1761,airgradient_prishtina_001,42.670917,21.151694,"Prishtina, Kosovo"
6232996,2026-02-26 14:00:00+00:00,10.5,14.7,µg/m³,35,14.2,1739,airgradient_prishtina_001,42.670917,21.151694,"Prishtina, Kosovo"
6232996,2026-02-26 15:00:00+00:00,13.9,19.7,µg/m³,34,13.9,2209,airgradient_prishtina_001,42.670917,21.151694,"Prishtina, Kosovo"
6232996,2026-02-26 16:00:00+00:00,22.5,33.4,µg/m³,35,13.3,3617,airgradient_prishtina_001,42.670917,21.151694,"Prishtina, Kosovo"
6232996,2026-02-26 17:00:00+00:00,34.4,51.7,µg/m³,38,12.3,6545,airgradient_prishtina_001,42.670917,21.151694,"Prishtina, Kosovo"
6232996,2026-02-26 18:00:00+00:00,37.5,57.5,µg/m³,41,11,7016,airgradient_prishtina_001,42.670917,21.151694,"Prishtina, Kosovo"
6232996,2026-02-26 19:00:00+00:00,35.7,53.4,µg/m³,42,10.1,6389,airgradient_prishtina_001,42.670917,21.151694,"Prishtina, Kosovo"
6232996,2026-02-26 20:00:00+00:00,42.6,64.4,µg/m³,44,9.5,7669,airgradient_prishtina_001,42.670917,21.151694,"Prishtina, Kosovo"
6232996,2026-02-26 21:00:00+00:00,119.6,188.3,µg/m³,48,8.2,22180,airgradient_prishtina_001,42.670917,21.151694,"Prishtina, Kosovo"
6232996,2026-02-26 22:00:00+00:00,73.1,109.5,µg/m³,51,7,13332,airgradient_prishtina_001,42.670917,21.151694,"Prishtina, Kosovo"
6232996,2026-02-26 23:00:00+00:00,58.8,88.7,µg/m³,53,6.4,10606,airgradient_prishtina_001,42.670917,21.151694,"Prishtina, Kosovo"
6232996,2026-02-27 00:00:00+00:00,45.7,69.4,µg/m³,54,6.2,7963,airgradient_prishtina_001,42.670917,21.151694,"Prishtina, Kosovo"
6232996,2026-02-27 01:00:00+00:00,58.3,88.1,µg/m³,54,6.2,10484,airgradient_prishtina_001,42.670917,21.151694,"Prishtina, Kosovo"
6232996,2026-02-27 02:00:00+00:00,40.7,62,µg/m³,55,5.6,6402,airgradient_prishtina_001,42.670917,21.151694,"Prishtina, Kosovo"
6232996,2026-02-27 03:00:00+00:00,37.5,57.2,µg/m³,56,5.3,5525,airgradient_prishtina_001,42.670917,21.151694,"Prishtina, Kosovo"
6232996,2026-02-27 04:00:00+00:00,36.5,56.3,µg/m³,57,4.8,5220,airgradient_prishtina_001,42.670917,21.151694,"Prishtina, Kosovo"
6232996,2026-02-27 05:00:00+00:00,35.5,55,µg/m³,57,4.8,5021,airgradient_prishtina_001,42.670917,21.151694,"Prishtina, Kosovo"
6232996,2026-02-27 06:00:00+00:00,38.8,60.3,µg/m³,58,4.4,5590,airgradient_prishtina_001,42.670917,21.151694,"Prishtina, Kosovo"
6232996,2026-02-27 07:00:00+00:00,38.3,58.3,µg/m³,57,5.4,5704,airgradient_prishtina_001,42.670917,21.151694,"Prishtina, Kosovo"
6232996,2026-02-27 08:00:00+00:00,36.2,54.7,µg/m³,48,10.3,6530,airgradient_prishtina_001,42.670917,21.151694,"Prishtina, Kosovo"
6232996,2026-02-27 09:00:00+00:00,35.2,52.6,µg/m³,41,13.1,7110,airgradient_prishtina_001,42.670917,21.151694,"Prishtina, Kosovo"
6232996,2026-02-27 10:00:00+00:00,34.6,52.2,µg/m³,39,13.8,7039,airgradient_prishtina_001,42.670917,21.151694,"Prishtina, Kosovo"
6232996,2026-02-27 11:00:00+00:00,27.1,41,µg/m³,37,14.8,4894,airgradient_prishtina_001,42.670917,21.151694,"Prishtina, Kosovo"
6232996,2026-02-27 12:00:00+00:00,14.9,21.8,µg/m³,34,15.6,2503,airgradient_prishtina_001,42.670917,21.151694,"Prishtina, Kosovo"
6232996,2026-02-27 13:00:00+00:00,15.1,21.5,µg/m³,32,16.4,2523,airgradient_prishtina_001,42.670917,21.151694,"Prishtina, Kosovo"
6232996,2026-02-27 14:00:00+00:00,12.9,18.2,µg/m³,32,16.1,2160,airgradient_prishtina_001,42.670917,21.151694,"Prishtina, Kosovo"
6232996,2026-02-27 15:00:00+00:00,18.8,26.9,µg/m³,31,15.7,3179,airgradient_prishtina_001,42.670917,21.151694,"Prishtina, Kosovo"
6232996,2026-02-27 16:00:00+00:00,22.5,33.7,µg/m³,30,14.8,3726,airgradient_prishtina_001,42.670917,21.151694,"Prishtina, Kosovo"
6232996,2026-02-27 17:00:00+00:00,31.3,47.6,µg/m³,34,13.7,5952,airgradient_prishtina_001,42.670917,21.151694,"Prishtina, Kosovo"
6232996,2026-02-27 18:00:00+00:00,30.7,46.2,µg/m³,36,12.9,5536,airgradient_prishtina_001,42.670917,21.151694,"Prishtina, Kosovo"
6232996,2026-02-27 19:00:00+00:00,41.6,62.3,µg/m³,37,12.1,8360,airgradient_prishtina_001,42.670917,21.151694,"Prishtina, Kosovo"
6232996,2026-02-27 20:00:00+00:00,42,62.5,µg/m³,37,11.3,8388,airgradient_prishtina_001,42.670917,21.151694,"Prishtina, Kosovo"
6232996,2026-02-27 21:00:00+00:00,87.2,131.5,µg/m³,40,10.1,16840,airgradient_prishtina_001,42.670917,21.151694,"Prishtina, Kosovo"
6232996,2026-02-27 22:00:00+00:00,90.6,137.4,µg/m³,42,8.7,17065,airgradient_prishtina_001,42.670917,21.151694,"Prishtina, Kosovo"
6232996,2026-02-27 23:00:00+00:00,49.3,73.5,µg/m³,43,8.1,9292,airgradient_prishtina_001,42.670917,21.151694,"Prishtina, Kosovo"
6232996,2026-02-28 00:00:00+00:00,50.9,74.9,µg/m³,46,7.3,9384,airgradient_prishtina_001,42.670917,21.151694,"Prishtina, Kosovo"
6232996,2026-02-28 01:00:00+00:00,45.9,68.6,µg/m³,47,7.1,8292,airgradient_prishtina_001,42.670917,21.151694,"Prishtina, Kosovo"
6232996,2026-02-28 02:00:00+00:00,43.5,66.9,µg/m³,49,6.5,7362,airgradient_prishtina_001,42.670917,21.151694,"Prishtina, Kosovo"
6232996,2026-02-28 03:00:00+00:00,37,56.2,µg/m³,50,6.2,5671,airgradient_prishtina_001,42.670917,21.151694,"Prishtina, Kosovo"
6232996,2026-02-28 04:00:00+00:00,37.5,56.7,µg/m³,51,5.9,5680,airgradient_prishtina_001,42.670917,21.151694,"Prishtina, Kosovo"
6232996,2026-02-28 05:00:00+00:00,28.3,43.2,µg/m³,52,5.4,3674,airgradient_prishtina_001,42.670917,21.151694,"Prishtina, Kosovo"
6232996,2026-02-28 06:00:00+00:00,35.3,53.3,µg/m³,53,5,4977,airgradient_prishtina_001,42.670917,21.151694,"Prishtina, Kosovo"
6232996,2026-02-28 07:00:00+00:00,34.9,52.4,µg/m³,52,6,5095,airgradient_prishtina_001,42.670917,21.151694,"Prishtina, Kosovo"
6232996,2026-02-28 08:00:00+00:00,35.9,53.8,µg/m³,43,11.1,6687,airgradient_prishtina_001,42.670917,21.151694,"Prishtina, Kosovo"
6232996,2026-02-28 09:00:00+00:00,30.3,46.1,µg/m³,40,13.7,5702,airgradient_prishtina_001,42.670917,21.151694,"Prishtina, Kosovo"
6232996,2026-02-28 10:00:00+00:00,25.7,39,µg/m³,41,14,4408,airgradient_prishtina_001,42.670917,21.151694,"Prishtina, Kosovo"
6232996,2026-02-28 11:00:00+00:00,21.1,32,µg/m³,40,14.4,3377,airgradient_prishtina_001,42.670917,21.151694,"Prishtina, Kosovo"
6232996,2026-02-28 12:00:00+00:00,18.4,27.1,µg/m³,40,15.1,2878,airgradient_prishtina_001,42.670917,21.151694,"Prishtina, Kosovo"
6232996,2026-02-28 13:00:00+00:00,18.5,28,µg/m³,39,15.6,3002,airgradient_prishtina_001,42.670917,21.151694,"Prishtina, Kosovo"
6232996,2026-02-28 14:00:00+00:00,19.1,29,µg/m³,39,16,3154,airgradient_prishtina_001,42.670917,21.151694,"Prishtina, Kosovo"
6232996,2026-02-28 15:00:00+00:00,22.3,33.3,µg/m³,38,15.8,3820,airgradient_prishtina_001,42.670917,21.151694,"Prishtina, Kosovo"
6232996,2026-02-28 16:00:00+00:00,18.6,27.4,µg/m³,39,15.2,2994,airgradient_prishtina_001,42.670917,21.151694,"Prishtina, Kosovo"
6232996,2026-02-28 17:00:00+00:00,21.7,32.3,µg/m³,40,13.8,3438,airgradient_prishtina_001,42.670917,21.151694,"Prishtina, Kosovo"
6232996,2026-02-28 18:00:00+00:00,86,131.4,µg/m³,44,12.3,17723,airgradient_prishtina_001,42.670917,21.151694,"Prishtina, Kosovo"
6232996,2026-02-28 19:00:00+00:00,55.2,80.7,µg/m³,45,11,11382,airgradient_prishtina_001,42.670917,21.151694,"Prishtina, Kosovo"
6232996,2026-02-28 20:00:00+00:00,73.4,111.5,µg/m³,45,10.5,14723,airgradient_prishtina_001,42.670917,21.151694,"Prishtina, Kosovo"
6232996,2026-02-28 21:00:00+00:00,125.9,192.7,µg/m³,48,9.2,23920,airgradient_prishtina_001,42.670917,21.151694,"Prishtina, Kosovo"
6232996,2026-02-28 22:00:00+00:00,92.4,140.7,µg/m³,48,9,17686,airgradient_prishtina_001,42.670917,21.151694,"Prishtina, Kosovo"
6232996,2026-02-28 23:00:00+00:00,103.2,159,µg/m³,49,8.8,19497,airgradient_prishtina_001,42.670917,21.151694,"Prishtina, Kosovo"
6232996,2026-03-01 00:00:00+00:00,66.8,101.8,µg/m³,50,8.7,12831,airgradient_prishtina_001,42.670917,21.151694,"Prishtina, Kosovo"
6232996,2026-03-01 01:00:00+00:00,58.9,90.1,µg/m³,52,8.4,11288,airgradient_prishtina_001,42.670917,21.151694,"Prishtina, Kosovo"
6232996,2026-03-01 02:00:00+00:00,61.5,95.2,µg/m³,53,8,11625,airgradient_prishtina_001,42.670917,21.151694,"Prishtina, Kosovo"
6232996,2026-03-01 03:00:00+00:00,60.1,92.3,µg/m³,55,7.4,11028,airgradient_prishtina_001,42.670917,21.151694,"Prishtina, Kosovo"
6232996,2026-03-01 04:00:00+00:00,102.4,161.6,µg/m³,57,6.8,18404,airgradient_prishtina_001,42.670917,21.151694,"Prishtina, Kosovo"
6232996,2026-03-01 05:00:00+00:00,44.1,68.1,µg/m³,58,6.5,7761,airgradient_prishtina_001,42.670917,21.151694,"Prishtina, Kosovo"
6232996,2026-03-01 06:00:00+00:00,45.7,69.7,µg/m³,59,6.1,7897,airgradient_prishtina_001,42.670917,21.151694,"Prishtina, Kosovo"
6232996,2026-03-01 07:00:00+00:00,39,60.4,µg/m³,58,7,6450,airgradient_prishtina_001,42.670917,21.151694,"Prishtina, Kosovo"
6232996,2026-03-01 08:00:00+00:00,36.4,56.3,µg/m³,51,10.9,6881,airgradient_prishtina_001,42.670917,21.151694,"Prishtina, Kosovo"
6232996,2026-03-01 09:00:00+00:00,35.6,54.6,µg/m³,46,13.4,7313,airgradient_prishtina_001,42.670917,21.151694,"Prishtina, Kosovo"
6232996,2026-03-01 10:00:00+00:00,31.8,49.1,µg/m³,45,14.4,6250,airgradient_prishtina_001,42.670917,21.151694,"Prishtina, Kosovo"
6232996,2026-03-01 11:00:00+00:00,27.6,42.3,µg/m³,43,15.4,5163,airgradient_prishtina_001,42.670917,21.151694,"Prishtina, Kosovo"
6232996,2026-03-01 12:00:00+00:00,23.2,34.9,µg/m³,39,16.2,4127,airgradient_prishtina_001,42.670917,21.151694,"Prishtina, Kosovo"
6232996,2026-03-01 13:00:00+00:00,18.4,26.5,µg/m³,35,16.9,3054,airgradient_prishtina_001,42.670917,21.151694,"Prishtina, Kosovo"
6232996,2026-03-01 14:00:00+00:00,17.5,24.7,µg/m³,34,17.1,2878,airgradient_prishtina_001,42.670917,21.151694,"Prishtina, Kosovo"
6232996,2026-03-01 15:00:00+00:00,16.7,23.1,µg/m³,34,16.9,2768,airgradient_prishtina_001,42.670917,21.151694,"Prishtina, Kosovo"
6232996,2026-03-01 16:00:00+00:00,16.6,23.3,µg/m³,34,16.3,2749,airgradient_prishtina_001,42.670917,21.151694,"Prishtina, Kosovo"
6232996,2026-03-01 17:00:00+00:00,25.4,38.7,µg/m³,37,14.9,4760,airgradient_prishtina_001,42.670917,21.151694,"Prishtina, Kosovo"
6232996,2026-03-01 18:00:00+00:00,72.3,106.3,µg/m³,37,13.7,15337,airgradient_prishtina_001,42.670917,21.151694,"Prishtina, Kosovo"
6232996,2026-03-01 19:00:00+00:00,108.2,166.5,µg/m³,41,12,22231,airgradient_prishtina_001,42.670917,21.151694,"Prishtina, Kosovo"
6232996,2026-03-01 20:00:00+00:00,85.8,128.7,µg/m³,43,11.1,17252,airgradient_prishtina_001,42.670917,21.151694,"Prishtina, Kosovo"
6232996,2026-03-01 21:00:00+00:00,98.8,150.8,µg/m³,45,9.8,19248,airgradient_prishtina_001,42.670917,21.151694,"Prishtina, Kosovo"
6232996,2026-03-01 22:00:00+00:00,93.9,142.5,µg/m³,46,9.5,18212,airgradient_prishtina_001,42.670917,21.151694,"Prishtina, Kosovo"
6232996,2026-03-01 23:00:00+00:00,89.8,135.7,µg/m³,47,9.2,17312,airgradient_prishtina_001,42.670917,21.151694,"Prishtina, Kosovo"
6232996,2026-03-02 00:00:00+00:00,80.3,122,µg/m³,50,8.5,15239,airgradient_prishtina_001,42.670917,21.151694,"Prishtina, Kosovo"
6232996,2026-03-02 01:00:00+00:00,48.4,73.1,µg/m³,52,8.3,9098,airgradient_prishtina_001,42.670917,21.151694,"Prishtina, Kosovo"
6232996,2026-03-02 02:00:00+00:00,46.9,71.6,µg/m³,53,8.2,8852,airgradient_prishtina_001,42.670917,21.151694,"Prishtina, Kosovo"
6232996,2026-03-02 03:00:00+00:00,39.7,60.7,µg/m³,55,7.7,6871,airgradient_prishtina_001,42.670917,21.151694,"Prishtina, Kosovo"
6232996,2026-03-02 04:00:00+00:00,40.5,61.8,µg/m³,56,7.3,6922,airgradient_prishtina_001,42.670917,21.151694,"Prishtina, Kosovo"
6232996,2026-03-02 05:00:00+00:00,38,58.4,µg/m³,56,7.4,6279,airgradient_prishtina_001,42.670917,21.151694,"Prishtina, Kosovo"
6232996,2026-03-02 06:00:00+00:00,38.1,58.1,µg/m³,57,7.2,6272,airgradient_prishtina_001,42.670917,21.151694,"Prishtina, Kosovo"
6232996,2026-03-02 07:00:00+00:00,48.2,74.5,µg/m³,57,7.7,8784,airgradient_prishtina_001,42.670917,21.151694,"Prishtina, Kosovo"
6232996,2026-03-02 08:00:00+00:00,34.4,52.1,µg/m³,46,12.7,6778,airgradient_prishtina_001,42.670917,21.151694,"Prishtina, Kosovo"
6232996,2026-03-02 09:00:00+00:00,29.1,43.5,µg/m³,39,15.7,5655,airgradient_prishtina_001,42.670917,21.151694,"Prishtina, Kosovo"
6232996,2026-03-02 10:00:00+00:00,26.7,40.1,µg/m³,39,16.6,5149,airgradient_prishtina_001,42.670917,21.151694,"Prishtina, Kosovo"
6232996,2026-03-02 11:00:00+00:00,23,33.6,µg/m³,38,17.4,4107,airgradient_prishtina_001,42.670917,21.151694,"Prishtina, Kosovo"
6232996,2026-03-02 12:00:00+00:00,22.3,32.6,µg/m³,38,17.7,3931,airgradient_prishtina_001,42.670917,21.151694,"Prishtina, Kosovo"
6232996,2026-03-02 13:00:00+00:00,22.7,32.9,µg/m³,36,18.2,4124,airgradient_prishtina_001,42.670917,21.151694,"Prishtina, Kosovo"
6232996,2026-03-02 14:00:00+00:00,20.6,29.6,µg/m³,36,17.9,3649,airgradient_prishtina_001,42.670917,21.151694,"Prishtina, Kosovo"
6232996,2026-03-02 15:00:00+00:00,17.4,24.3,µg/m³,37,17.2,2911,airgradient_prishtina_001,42.670917,21.151694,"Prishtina, Kosovo"
6232996,2026-03-02 16:00:00+00:00,22.2,31.9,µg/m³,40,16.2,4066,airgradient_prishtina_001,42.670917,21.151694,"Prishtina, Kosovo"
6232996,2026-03-02 17:00:00+00:00,43.5,65.4,µg/m³,43,14.9,8899,airgradient_prishtina_001,42.670917,21.151694,"Prishtina, Kosovo"
6232996,2026-03-02 18:00:00+00:00,108.7,162.7,µg/m³,47,13.6,23166,airgradient_prishtina_001,42.670917,21.151694,"Prishtina, Kosovo"
6232996,2026-03-02 19:00:00+00:00,103.1,154.9,µg/m³,48,13.2,21674,airgradient_prishtina_001,42.670917,21.151694,"Prishtina, Kosovo"
6232996,2026-03-02 20:00:00+00:00,105.1,159.7,µg/m³,47,13,22105,airgradient_prishtina_001,42.670917,21.151694,"Prishtina, Kosovo"
6232996,2026-03-02 21:00:00+00:00,94.8,146.8,µg/m³,47,12.4,19731,airgradient_prishtina_001,42.670917,21.151694,"Prishtina, Kosovo"
6232996,2026-03-02 22:00:00+00:00,58.2,86.3,µg/m³,48,12,12198,airgradient_prishtina_001,42.670917,21.151694,"Prishtina, Kosovo"
6232996,2026-03-02 23:00:00+00:00,83.6,124.9,µg/m³,49,11.6,17018,airgradient_prishtina_001,42.670917,21.151694,"Prishtina, Kosovo"
6232996,2026-03-03 00:00:00+00:00,68,100.8,µg/m³,49,11.4,13930,airgradient_prishtina_001,42.670917,21.151694,"Prishtina, Kosovo"
6232996,2026-03-03 01:00:00+00:00,36.3,54.9,µg/m³,50,11.1,6779,airgradient_prishtina_001,42.670917,21.151694,"Prishtina, Kosovo"
6232996,2026-03-03 02:00:00+00:00,53,80.1,µg/m³,51,10.5,10592,airgradient_prishtina_001,42.670917,21.151694,"Prishtina, Kosovo"
6232996,2026-03-03 03:00:00+00:00,39.9,60.5,µg/m³,52,10.3,7550,airgradient_prishtina_001,42.670917,21.151694,"Prishtina, Kosovo"
6232996,2026-03-03 04:00:00+00:00,36.1,55.7,µg/m³,52,10.3,6496,airgradient_prishtina_001,42.670917,21.151694,"Prishtina, Kosovo"
6232996,2026-03-03 05:00:00+00:00,37.7,57.8,µg/m³,52,10.4,7095,airgradient_prishtina_001,42.670917,21.151694,"Prishtina, Kosovo"
6232996,2026-03-03 06:00:00+00:00,40.6,62.8,µg/m³,53,10.1,7737,airgradient_prishtina_001,42.670917,21.151694,"Prishtina, Kosovo"
6232996,2026-03-03 07:00:00+00:00,35.6,54.4,µg/m³,52,11,6526,airgradient_prishtina_001,42.670917,21.151694,"Prishtina, Kosovo"
6232996,2026-03-03 08:00:00+00:00,33.6,50.7,µg/m³,48,12.9,6455,airgradient_prishtina_001,42.670917,21.151694,"Prishtina, Kosovo"
6232996,2026-03-03 09:00:00+00:00,29,43.7,µg/m³,40,15.3,5669,airgradient_prishtina_001,42.670917,21.151694,"Prishtina, Kosovo"
6232996,2026-03-03 10:00:00+00:00,22.1,32.8,µg/m³,38,15.4,3796,airgradient_prishtina_001,42.670917,21.151694,"Prishtina, Kosovo"
6232996,2026-03-03 11:00:00+00:00,16.2,23.5,µg/m³,38,15.8,2636,airgradient_prishtina_001,42.670917,21.151694,"Prishtina, Kosovo"
6232996,2026-03-03 12:00:00+00:00,13.3,18.9,µg/m³,35,16.9,2225,airgradient_prishtina_001,42.670917,21.151694,"Prishtina, Kosovo"
6232996,2026-03-03 13:00:00+00:00,14,19.9,µg/m³,33,17.3,2640,airgradient_prishtina_001,42.670917,21.151694,"Prishtina, Kosovo"
6232996,2026-03-03 14:00:00+00:00,16.7,23.9,µg/m³,35,16.9,2851,airgradient_prishtina_001,42.670917,21.151694,"Prishtina, Kosovo"
6232996,2026-03-03 15:00:00+00:00,23.7,35.3,µg/m³,38,16.1,4232,airgradient_prishtina_001,42.670917,21.151694,"Prishtina, Kosovo"
6232996,2026-03-03 16:00:00+00:00,32.5,48.9,µg/m³,39,15.8,6915,airgradient_prishtina_001,42.670917,21.151694,"Prishtina, Kosovo"
6232996,2026-03-03 17:00:00+00:00,41.7,63.1,µg/m³,42,14.5,9298,airgradient_prishtina_001,42.670917,21.151694,"Prishtina, Kosovo"
6232996,2026-03-03 18:00:00+00:00,40.4,60.6,µg/m³,45,13.5,8789,airgradient_prishtina_001,42.670917,21.151694,"Prishtina, Kosovo"
6232996,2026-03-03 19:00:00+00:00,38.5,58.3,µg/m³,47,12.7,8069,airgradient_prishtina_001,42.670917,21.151694,"Prishtina, Kosovo"
6232996,2026-03-03 20:00:00+00:00,43.6,66.7,µg/m³,49,12.2,9298,airgradient_prishtina_001,42.670917,21.151694,"Prishtina, Kosovo"
6232996,2026-03-03 21:00:00+00:00,95.5,146.6,µg/m³,51,11.4,19122,airgradient_prishtina_001,42.670917,21.151694,"Prishtina, Kosovo"
6232996,2026-03-03 22:00:00+00:00,108.5,165.5,µg/m³,55,10.2,21183,airgradient_prishtina_001,42.670917,21.151694,"Prishtina, Kosovo"
6232996,2026-03-03 23:00:00+00:00,97.5,149.4,µg/m³,55,9.9,19051,airgradient_prishtina_001,42.670917,21.151694,"Prishtina, Kosovo"
6232996,2026-03-04 00:00:00+00:00,63.6,98.7,µg/m³,57,9.3,12414,airgradient_prishtina_001,42.670917,21.151694,"Prishtina, Kosovo"
6232996,2026-03-04 01:00:00+00:00,55,85.6,µg/m³,57,9.1,10717,airgradient_prishtina_001,42.670917,21.151694,"Prishtina, Kosovo"
6232996,2026-03-04 02:00:00+00:00,45.5,71.2,µg/m³,58,8.5,8667,airgradient_prishtina_001,42.670917,21.151694,"Prishtina, Kosovo"
6232996,2026-03-04 03:00:00+00:00,52.4,82,µg/m³,59,8.1,9945,airgradient_prishtina_001,42.670917,21.151694,"Prishtina, Kosovo"
6232996,2026-03-04 04:00:00+00:00,49.2,77.4,µg/m³,59,8.1,9233,airgradient_prishtina_001,42.670917,21.151694,"Prishtina, Kosovo"
6232996,2026-03-04 05:00:00+00:00,39.3,61.4,µg/m³,59,7.4,6625,airgradient_prishtina_001,42.670917,21.151694,"Prishtina, Kosovo"
6232996,2026-03-04 06:00:00+00:00,46.9,74.5,µg/m³,60,7.4,8537,airgradient_prishtina_001,42.670917,21.151694,"Prishtina, Kosovo"
6232996,2026-03-04 07:00:00+00:00,42.8,65.8,µg/m³,58,8.5,7720,airgradient_prishtina_001,42.670917,21.151694,"Prishtina, Kosovo"
6232996,2026-03-04 08:00:00+00:00,52.4,80.4,µg/m³,49,12.9,11283,airgradient_prishtina_001,42.670917,21.151694,"Prishtina, Kosovo"
6232996,2026-03-04 09:00:00+00:00,46.6,71.7,µg/m³,44,15,10616,airgradient_prishtina_001,42.670917,21.151694,"Prishtina, Kosovo"
6232996,2026-03-04 10:00:00+00:00,38.7,59.6,µg/m³,43,15.8,8995,airgradient_prishtina_001,42.670917,21.151694,"Prishtina, Kosovo"
6232996,2026-03-04 11:00:00+00:00,30.7,46.8,µg/m³,39,16.9,6555,airgradient_prishtina_001,42.670917,21.151694,"Prishtina, Kosovo"
6232996,2026-03-04 12:00:00+00:00,25.9,38.9,µg/m³,37,17.2,4912,airgradient_prishtina_001,42.670917,21.151694,"Prishtina, Kosovo"
6232996,2026-03-04 13:00:00+00:00,23.4,34.8,µg/m³,35,17.5,4191,airgradient_prishtina_001,42.670917,21.151694,"Prishtina, Kosovo"
6232996,2026-03-04 14:00:00+00:00,22.3,33,µg/m³,35,17.6,3976,airgradient_prishtina_001,42.670917,21.151694,"Prishtina, Kosovo"
6232996,2026-03-04 15:00:00+00:00,23.4,34.3,µg/m³,35,17.3,4230,airgradient_prishtina_001,42.670917,21.151694,"Prishtina, Kosovo"
6232996,2026-03-04 16:00:00+00:00,25.9,38.8,µg/m³,37,16.5,4907,airgradient_prishtina_001,42.670917,21.151694,"Prishtina, Kosovo"
6232996,2026-03-04 17:00:00+00:00,31.5,47.5,µg/m³,40,15.4,6480,airgradient_prishtina_001,42.670917,21.151694,"Prishtina, Kosovo"
6232996,2026-03-04 18:00:00+00:00,126.2,196.4,µg/m³,44,13.9,26760,airgradient_prishtina_001,42.670917,21.151694,"Prishtina, Kosovo"
6232996,2026-03-04 19:00:00+00:00,105.6,158.5,µg/m³,47,12.6,21948,airgradient_prishtina_001,42.670917,21.151694,"Prishtina, Kosovo"
6232996,2026-03-04 20:00:00+00:00,81.9,123.8,µg/m³,48,12,16953,airgradient_prishtina_001,42.670917,21.151694,"Prishtina, Kosovo"
6232996,2026-03-04 21:00:00+00:00,91,139.3,µg/m³,49,11.8,18695,airgradient_prishtina_001,42.670917,21.151694,"Prishtina, Kosovo"
6232996,2026-03-04 22:00:00+00:00,117.1,184.7,µg/m³,51,11.2,23418,airgradient_prishtina_001,42.670917,21.151694,"Prishtina, Kosovo"
6232996,2026-03-04 23:00:00+00:00,101,155.9,µg/m³,52,11.3,20391,airgradient_prishtina_001,42.670917,21.151694,"Prishtina, Kosovo"
6232996,2026-03-05 00:00:00+00:00,71.2,109.2,µg/m³,52,11.5,14575,airgradient_prishtina_001,42.670917,21.151694,"Prishtina, Kosovo"
6232996,2026-03-05 01:00:00+00:00,64.9,99.9,µg/m³,55,11.5,13350,airgradient_prishtina_001,42.670917,21.151694,"Prishtina, Kosovo"
6232996,2026-03-05 02:00:00+00:00,29.5,45.3,µg/m³,58,11.9,5198,airgradient_prishtina_001,42.670917,21.151694,"Prishtina, Kosovo"
6232996,2026-03-05 03:00:00+00:00,37.7,58,µg/m³,59,12.1,7497,airgradient_prishtina_001,42.670917,21.151694,"Prishtina, Kosovo"
6232996,2026-03-05 04:00:00+00:00,34.4,53.4,µg/m³,62,11.4,6530,airgradient_prishtina_001,42.670917,21.151694,"Prishtina, Kosovo"
6232996,2026-03-05 05:00:00+00:00,30.1,45.9,µg/m³,62,11.6,5432,airgradient_prishtina_001,42.670917,21.151694,"Prishtina, Kosovo"
6232996,2026-03-05 06:00:00+00:00,37.7,58.4,µg/m³,62,11.7,7512,airgradient_prishtina_001,42.670917,21.151694,"Prishtina, Kosovo"
6232996,2026-03-05 07:00:00+00:00,50.6,77.7,µg/m³,61,12.1,10554,airgradient_prishtina_001,42.670917,21.151694,"Prishtina, Kosovo"
6232996,2026-03-05 08:00:00+00:00,35.9,55.2,µg/m³,55,13.8,7438,airgradient_prishtina_001,42.670917,21.151694,"Prishtina, Kosovo"
6232996,2026-03-05 09:00:00+00:00,36.5,55.7,µg/m³,54,14.5,8010,airgradient_prishtina_001,42.670917,21.151694,"Prishtina, Kosovo"
6232996,2026-03-05 10:00:00+00:00,14.8,22.4,µg/m³,61,10.6,2445,airgradient_prishtina_001,42.670917,21.151694,"Prishtina, Kosovo"
6232996,2026-03-05 11:00:00+00:00,13.8,21.1,µg/m³,66,9.5,1936,airgradient_prishtina_001,42.670917,21.151694,"Prishtina, Kosovo"
6232996,2026-03-05 12:00:00+00:00,19.1,28.5,µg/m³,58,12.1,2991,airgradient_prishtina_001,42.670917,21.151694,"Prishtina, Kosovo"
6232996,2026-03-05 13:00:00+00:00,13.2,20.1,µg/m³,53,13.8,2042,airgradient_prishtina_001,42.670917,21.151694,"Prishtina, Kosovo"
6232996,2026-03-05 14:00:00+00:00,16.7,26.3,µg/m³,52,14,2587,airgradient_prishtina_001,42.670917,21.151694,"Prishtina, Kosovo"
6232996,2026-03-05 15:00:00+00:00,21.4,34,µg/m³,55,13.2,3406,airgradient_prishtina_001,42.670917,21.151694,"Prishtina, Kosovo"
6232996,2026-03-05 16:00:00+00:00,25.4,40,µg/m³,55,12.7,4336,airgradient_prishtina_001,42.670917,21.151694,"Prishtina, Kosovo"
6232996,2026-03-05 17:00:00+00:00,72.7,113.6,µg/m³,57,12.2,15137,airgradient_prishtina_001,42.670917,21.151694,"Prishtina, Kosovo"
6232996,2026-03-05 18:00:00+00:00,66.4,106.1,µg/m³,59,11.3,13580,airgradient_prishtina_001,42.670917,21.151694,"Prishtina, Kosovo"
6232996,2026-03-05 19:00:00+00:00,141.2,222,µg/m³,61,10.1,27301,airgradient_prishtina_001,42.670917,21.151694,"Prishtina, Kosovo"
6232996,2026-03-05 20:00:00+00:00,55.5,84.5,µg/m³,59,9.3,10839,airgradient_prishtina_001,42.670917,21.151694,"Prishtina, Kosovo"
6232996,2026-03-05 21:00:00+00:00,95.5,147,µg/m³,60,9.1,18295,airgradient_prishtina_001,42.670917,21.151694,"Prishtina, Kosovo"
6232996,2026-03-05 22:00:00+00:00,62.3,95.5,µg/m³,60,8.7,11811,airgradient_prishtina_001,42.670917,21.151694,"Prishtina, Kosovo"
6232996,2026-03-05 23:00:00+00:00,68,106.8,µg/m³,62,7.8,12615,airgradient_prishtina_001,42.670917,21.151694,"Prishtina, Kosovo"
6232996,2026-03-06 00:00:00+00:00,56.2,88.8,µg/m³,63,7.6,10407,airgradient_prishtina_001,42.670917,21.151694,"Prishtina, Kosovo"
6232996,2026-03-06 01:00:00+00:00,49.8,77.6,µg/m³,63,7.2,8910,airgradient_prishtina_001,42.670917,21.151694,"Prishtina, Kosovo"
6232996,2026-03-06 02:00:00+00:00,39.4,62.2,µg/m³,64,7.4,6602,airgradient_prishtina_001,42.670917,21.151694,"Prishtina, Kosovo"
6232996,2026-03-06 03:00:00+00:00,49,77.5,µg/m³,62,7.2,8992,airgradient_prishtina_001,42.670917,21.151694,"Prishtina, Kosovo"
6232996,2026-03-06 04:00:00+00:00,40.9,65.2,µg/m³,63,6.7,6873,airgradient_prishtina_001,42.670917,21.151694,"Prishtina, Kosovo"
6232996,2026-03-06 05:00:00+00:00,33.1,52.5,µg/m³,62,6.5,4836,airgradient_prishtina_001,42.670917,21.151694,"Prishtina, Kosovo"
6232996,2026-03-06 06:00:00+00:00,42.3,66.4,µg/m³,62,6.5,7148,airgradient_prishtina_001,42.670917,21.151694,"Prishtina, Kosovo"
6232996,2026-03-06 07:00:00+00:00,44.3,70.3,µg/m³,62,7.2,7706,airgradient_prishtina_001,42.670917,21.151694,"Prishtina, Kosovo"
6232996,2026-03-06 08:00:00+00:00,31.3,48.9,µg/m³,54,11.3,5454,airgradient_prishtina_001,42.670917,21.151694,"Prishtina, Kosovo"
6232996,2026-03-06 09:00:00+00:00,29.5,46.1,µg/m³,51,13.4,5347,airgradient_prishtina_001,42.670917,21.151694,"Prishtina, Kosovo"
6232996,2026-03-06 10:00:00+00:00,27.8,44.1,µg/m³,49,14.5,5057,airgradient_prishtina_001,42.670917,21.151694,"Prishtina, Kosovo"
6232996,2026-03-06 11:00:00+00:00,28.2,45.3,µg/m³,46,15.8,5435,airgradient_prishtina_001,42.670917,21.151694,"Prishtina, Kosovo"
6232996,2026-03-06 12:00:00+00:00,26.8,43.3,µg/m³,43,16.7,5200,airgradient_prishtina_001,42.670917,21.151694,"Prishtina, Kosovo"
6232996,2026-03-06 13:00:00+00:00,25.5,40.2,µg/m³,40,17.2,4767,airgradient_prishtina_001,42.670917,21.151694,"Prishtina, Kosovo"
6232996,2026-03-06 14:00:00+00:00,25.4,40.4,µg/m³,39,16.8,4770,airgradient_prishtina_001,42.670917,21.151694,"Prishtina, Kosovo"
6232996,2026-03-06 15:00:00+00:00,26.6,42.9,µg/m³,40,16.5,5176,airgradient_prishtina_001,42.670917,21.151694,"Prishtina, Kosovo"
6232996,2026-03-06 16:00:00+00:00,29.2,46.4,µg/m³,42,15.9,5804,airgradient_prishtina_001,42.670917,21.151694,"Prishtina, Kosovo"
6232996,2026-03-06 17:00:00+00:00,46.2,75.5,µg/m³,44,14.7,9772,airgradient_prishtina_001,42.670917,21.151694,"Prishtina, Kosovo"
6232996,2026-03-06 18:00:00+00:00,72,112.2,µg/m³,47,13.4,15512,airgradient_prishtina_001,42.670917,21.151694,"Prishtina, Kosovo"
6232996,2026-03-06 19:00:00+00:00,83.6,129,µg/m³,50,12,17312,airgradient_prishtina_001,42.670917,21.151694,"Prishtina, Kosovo"
6232996,2026-03-06 20:00:00+00:00,66.4,102.9,µg/m³,53,11,13510,airgradient_prishtina_001,42.670917,21.151694,"Prishtina, Kosovo"
6232996,2026-03-06 21:00:00+00:00,89.4,139.5,µg/m³,54,10.5,17804,airgradient_prishtina_001,42.670917,21.151694,"Prishtina, Kosovo"
6232996,2026-03-06 22:00:00+00:00,57.4,89.7,µg/m³,55,10.2,11501,airgradient_prishtina_001,42.670917,21.151694,"Prishtina, Kosovo"
6232996,2026-03-06 23:00:00+00:00,107.5,171.7,µg/m³,58,9.2,20641,airgradient_prishtina_001,42.670917,21.151694,"Prishtina, Kosovo"
6232996,2026-03-07 00:00:00+00:00,67,105.7,µg/m³,59,8.7,12874,airgradient_prishtina_001,42.670917,21.151694,"Prishtina, Kosovo"
6232996,2026-03-07 01:00:00+00:00,52.3,82.1,µg/m³,59,8.2,9794,airgradient_prishtina_001,42.670917,21.151694,"Prishtina, Kosovo"
6232996,2026-03-07 02:00:00+00:00,43.6,68.1,µg/m³,60,7.9,7998,airgradient_prishtina_001,42.670917,21.151694,"Prishtina, Kosovo"
6232996,2026-03-07 03:00:00+00:00,44.5,70.3,µg/m³,60,7.6,8103,airgradient_prishtina_001,42.670917,21.151694,"Prishtina, Kosovo"
6232996,2026-03-07 04:00:00+00:00,40,64,µg/m³,60,7.3,6710,airgradient_prishtina_001,42.670917,21.151694,"Prishtina, Kosovo"
6232996,2026-03-07 05:00:00+00:00,45.5,73.9,µg/m³,60,6.9,7953,airgradient_prishtina_001,42.670917,21.151694,"Prishtina, Kosovo"
6232996,2026-03-07 06:00:00+00:00,40.5,63.6,µg/m³,60,6.8,6712,airgradient_prishtina_001,42.670917,21.151694,"Prishtina, Kosovo"
6232996,2026-03-07 07:00:00+00:00,42.4,67.1,µg/m³,58,8.4,7691,airgradient_prishtina_001,42.670917,21.151694,"Prishtina, Kosovo"
6232996,2026-03-07 08:00:00+00:00,31.2,48.8,µg/m³,47,13.4,5858,airgradient_prishtina_001,42.670917,21.151694,"Prishtina, Kosovo"
6232996,2026-03-07 09:00:00+00:00,31.4,49,µg/m³,42,15.5,6513,airgradient_prishtina_001,42.670917,21.151694,"Prishtina, Kosovo"
6232996,2026-03-07 10:00:00+00:00,31.8,49.9,µg/m³,41,16.1,6830,airgradient_prishtina_001,42.670917,21.151694,"Prishtina, Kosovo"
6232996,2026-03-07 11:00:00+00:00,27.7,43.4,µg/m³,37,16.9,5514,airgradient_prishtina_001,42.670917,21.151694,"Prishtina, Kosovo"
6232996,2026-03-07 12:00:00+00:00,22.2,34,µg/m³,34,17.5,3974,airgradient_prishtina_001,42.670917,21.151694,"Prishtina, Kosovo"
6232996,2026-03-07 13:00:00+00:00,17.9,27.3,µg/m³,31,17.7,3015,airgradient_prishtina_001,42.670917,21.151694,"Prishtina, Kosovo"
6232996,2026-03-07 14:00:00+00:00,21.5,33,µg/m³,32,17.7,3762,airgradient_prishtina_001,42.670917,21.151694,"Prishtina, Kosovo"
6232996,2026-03-07 15:00:00+00:00,20.8,31.9,µg/m³,30,17.5,3663,airgradient_prishtina_001,42.670917,21.151694,"Prishtina, Kosovo"
6232996,2026-03-07 16:00:00+00:00,18.8,28.2,µg/m³,29,16.8,3113,airgradient_prishtina_001,42.670917,21.151694,"Prishtina, Kosovo"
6232996,2026-03-07 17:00:00+00:00,27.9,42.8,µg/m³,34,15.4,5319,airgradient_prishtina_001,42.670917,21.151694,"Prishtina, Kosovo"
6232996,2026-03-07 18:00:00+00:00,80.2,122.1,µg/m³,38,13.6,17424,airgradient_prishtina_001,42.670917,21.151694,"Prishtina, Kosovo"
6232996,2026-03-07 19:00:00+00:00,62.1,93.4,µg/m³,40,12.8,13320,airgradient_prishtina_001,42.670917,21.151694,"Prishtina, Kosovo"
6232996,2026-03-07 20:00:00+00:00,97.5,146.4,µg/m³,43,12.5,20266,airgradient_prishtina_001,42.670917,21.151694,"Prishtina, Kosovo"
6232996,2026-03-07 21:00:00+00:00,92.6,136.8,µg/m³,45,11.7,18957,airgradient_prishtina_001,42.670917,21.151694,"Prishtina, Kosovo"
6232996,2026-03-07 22:00:00+00:00,85.1,131.5,µg/m³,48,10.9,17152,airgradient_prishtina_001,42.670917,21.151694,"Prishtina, Kosovo"
6232996,2026-03-07 23:00:00+00:00,67.8,102.7,µg/m³,49,10.6,13620,airgradient_prishtina_001,42.670917,21.151694,"Prishtina, Kosovo"
6232996,2026-03-08 00:00:00+00:00,79.4,125.5,µg/m³,51,10,15727,airgradient_prishtina_001,42.670917,21.151694,"Prishtina, Kosovo"
6232996,2026-03-08 01:00:00+00:00,75.6,117.9,µg/m³,53,9.1,14553,airgradient_prishtina_001,42.670917,21.151694,"Prishtina, Kosovo"
6232996,2026-03-08 02:00:00+00:00,42.9,65.5,µg/m³,54,8.6,8050,airgradient_prishtina_001,42.670917,21.151694,"Prishtina, Kosovo"
6232996,2026-03-08 03:00:00+00:00,40.7,63.1,µg/m³,55,8.3,7340,airgradient_prishtina_001,42.670917,21.151694,"Prishtina, Kosovo"
6232996,2026-03-08 04:00:00+00:00,38.3,60,µg/m³,56,8.1,6533,airgradient_prishtina_001,42.670917,21.151694,"Prishtina, Kosovo"
6232996,2026-03-08 05:00:00+00:00,34.6,54.5,µg/m³,57,7.8,5452,airgradient_prishtina_001,42.670917,21.151694,"Prishtina, Kosovo"
6232996,2026-03-08 06:00:00+00:00,36.8,57.8,µg/m³,57,8,6127,airgradient_prishtina_001,42.670917,21.151694,"Prishtina, Kosovo"
6232996,2026-03-08 07:00:00+00:00,41.3,65.2,µg/m³,56,9.3,7750,airgradient_prishtina_001,42.670917,21.151694,"Prishtina, Kosovo"
6232996,2026-03-08 08:00:00+00:00,35.7,55.7,µg/m³,45,14.3,7741,airgradient_prishtina_001,42.670917,21.151694,"Prishtina, Kosovo"
6232996,2026-03-08 09:00:00+00:00,36,56.4,µg/m³,44,14.6,7946,airgradient_prishtina_001,42.670917,21.151694,"Prishtina, Kosovo"
6232996,2026-03-08 10:00:00+00:00,35.1,55,µg/m³,43,15.8,7890,airgradient_prishtina_001,42.670917,21.151694,"Prishtina, Kosovo"
6232996,2026-03-08 11:00:00+00:00,30.4,47.4,µg/m³,41,16.4,6323,airgradient_prishtina_001,42.670917,21.151694,"Prishtina, Kosovo"
6232996,2026-03-08 12:00:00+00:00,25.8,40.6,µg/m³,36,17.7,5012,airgradient_prishtina_001,42.670917,21.151694,"Prishtina, Kosovo"
6232996,2026-03-08 13:00:00+00:00,24.1,36.9,µg/m³,36,17.2,4445,airgradient_prishtina_001,42.670917,21.151694,"Prishtina, Kosovo"
6232996,2026-03-08 14:00:00+00:00,21.3,32.1,µg/m³,35,17,3735,airgradient_prishtina_001,42.670917,21.151694,"Prishtina, Kosovo"
6232996,2026-03-08 15:00:00+00:00,22.1,33.3,µg/m³,39,15.2,3636,airgradient_prishtina_001,42.670917,21.151694,"Prishtina, Kosovo"
6232996,2026-03-08 16:00:00+00:00,24.6,37.1,µg/m³,36,15.7,4445,airgradient_prishtina_001,42.670917,21.151694,"Prishtina, Kosovo"
6232996,2026-03-08 17:00:00+00:00,31.2,47.3,µg/m³,39,14.8,6201,airgradient_prishtina_001,42.670917,21.151694,"Prishtina, Kosovo"
6232996,2026-03-08 18:00:00+00:00,34.9,52.2,µg/m³,40,14.1,7300,airgradient_prishtina_001,42.670917,21.151694,"Prishtina, Kosovo"
6232996,2026-03-08 19:00:00+00:00,42.1,64.1,µg/m³,41,13.7,8887,airgradient_prishtina_001,42.670917,21.151694,"Prishtina, Kosovo"
6232996,2026-03-08 20:00:00+00:00,29.5,44.9,µg/m³,43,12.9,5287,airgradient_prishtina_001,42.670917,21.151694,"Prishtina, Kosovo"
6232996,2026-03-08 21:00:00+00:00,30,45.9,µg/m³,46,12.3,5222,airgradient_prishtina_001,42.670917,21.151694,"Prishtina, Kosovo"
6232996,2026-03-08 22:00:00+00:00,44.5,67.9,µg/m³,47,11.8,9074,airgradient_prishtina_001,42.670917,21.151694,"Prishtina, Kosovo"
6232996,2026-03-08 23:00:00+00:00,29.1,44.9,µg/m³,48,11.3,4762,airgradient_prishtina_001,42.670917,21.151694,"Prishtina, Kosovo"
6232996,2026-03-09 00:00:00+00:00,25.8,39.1,µg/m³,49,10.8,3864,airgradient_prishtina_001,42.670917,21.151694,"Prishtina, Kosovo"
6232996,2026-03-09 01:00:00+00:00,23.8,36.5,µg/m³,49,10.5,3471,airgradient_prishtina_001,42.670917,21.151694,"Prishtina, Kosovo"
6232996,2026-03-09 02:00:00+00:00,20.1,30.1,µg/m³,49,10.1,2811,airgradient_prishtina_001,42.670917,21.151694,"Prishtina, Kosovo"
6232996,2026-03-09 03:00:00+00:00,18.8,27.7,µg/m³,49,9.9,2626,airgradient_prishtina_001,42.670917,21.151694,"Prishtina, Kosovo"
6232996,2026-03-09 04:00:00+00:00,19.9,30.1,µg/m³,49,10.8,2851,airgradient_prishtina_001,42.670917,21.151694,"Prishtina, Kosovo"
6232996,2026-03-09 05:00:00+00:00,18.7,27.5,µg/m³,50,10.4,2625,airgradient_prishtina_001,42.670917,21.151694,"Prishtina, Kosovo"
6232996,2026-03-09 06:00:00+00:00,17.8,26.9,µg/m³,49,10.3,2537,airgradient_prishtina_001,42.670917,21.151694,"Prishtina, Kosovo"
6232996,2026-03-09 07:00:00+00:00,19.7,29.6,µg/m³,48,11.4,2916,airgradient_prishtina_001,42.670917,21.151694,"Prishtina, Kosovo"
6232996,2026-03-09 08:00:00+00:00,22.8,35.1,µg/m³,47,13,3552,airgradient_prishtina_001,42.670917,21.151694,"Prishtina, Kosovo"
6232996,2026-03-09 09:00:00+00:00,20.2,31.1,µg/m³,44,13.8,3154,airgradient_prishtina_001,42.670917,21.151694,"Prishtina, Kosovo"
6232996,2026-03-09 10:00:00+00:00,20.4,31.7,µg/m³,44,14.1,3195,airgradient_prishtina_001,42.670917,21.151694,"Prishtina, Kosovo"
6232996,2026-03-09 11:00:00+00:00,20.8,31.8,µg/m³,42,14.9,3297,airgradient_prishtina_001,42.670917,21.151694,"Prishtina, Kosovo"
6232996,2026-03-09 12:00:00+00:00,20.4,31.9,µg/m³,41,15.8,3383,airgradient_prishtina_001,42.670917,21.151694,"Prishtina, Kosovo"
6232996,2026-03-09 13:00:00+00:00,20.3,31.3,µg/m³,38,16.5,3435,airgradient_prishtina_001,42.670917,21.151694,"Prishtina, Kosovo"
6232996,2026-03-09 14:00:00+00:00,18.4,28.6,µg/m³,37,15.7,3019,airgradient_prishtina_001,42.670917,21.151694,"Prishtina, Kosovo"
6232996,2026-03-09 15:00:00+00:00,11.4,16.8,µg/m³,32,15.1,1915,airgradient_prishtina_001,42.670917,21.151694,"Prishtina, Kosovo"
6232996,2026-03-09 16:00:00+00:00,16.5,24.8,µg/m³,29,15.2,2717,airgradient_prishtina_001,42.670917,21.151694,"Prishtina, Kosovo"
6232996,2026-03-09 17:00:00+00:00,21.1,30.7,µg/m³,29,14,3404,airgradient_prishtina_001,42.670917,21.151694,"Prishtina, Kosovo"
6232996,2026-03-09 18:00:00+00:00,25.4,37.7,µg/m³,32,13.1,4278,airgradient_prishtina_001,42.670917,21.151694,"Prishtina, Kosovo"
6232996,2026-03-09 19:00:00+00:00,22.5,32.3,µg/m³,34,12.6,3501,airgradient_prishtina_001,42.670917,21.151694,"Prishtina, Kosovo"
6232996,2026-03-09 20:00:00+00:00,23.1,34,µg/m³,37,11.8,3724,airgradient_prishtina_001,42.670917,21.151694,"Prishtina, Kosovo"
6232996,2026-03-09 21:00:00+00:00,18.5,27.7,µg/m³,38,11.5,2757,airgradient_prishtina_001,42.670917,21.151694,"Prishtina, Kosovo"
6232996,2026-03-09 22:00:00+00:00,22.6,33.6,µg/m³,40,11.2,3522,airgradient_prishtina_001,42.670917,21.151694,"Prishtina, Kosovo"
6232996,2026-03-09 23:00:00+00:00,28,42.2,µg/m³,43,10,4318,airgradient_prishtina_001,42.670917,21.151694,"Prishtina, Kosovo"
6232996,2026-03-10 00:00:00+00:00,23.3,34.4,µg/m³,44,9.7,3325,airgradient_prishtina_001,42.670917,21.151694,"Prishtina, Kosovo"
6232996,2026-03-10 01:00:00+00:00,10.1,14.4,µg/m³,44,9.9,1514,airgradient_prishtina_001,42.670917,21.151694,"Prishtina, Kosovo"
6232996,2026-03-10 02:00:00+00:00,9.8,13.8,µg/m³,45,9.6,1455,airgradient_prishtina_001,42.670917,21.151694,"Prishtina, Kosovo"
6232996,2026-03-10 03:00:00+00:00,11.5,16.3,µg/m³,47,9.1,1634,airgradient_prishtina_001,42.670917,21.151694,"Prishtina, Kosovo"
6232996,2026-03-10 04:00:00+00:00,13.2,19.3,µg/m³,49,9.1,1862,airgradient_prishtina_001,42.670917,21.151694,"Prishtina, Kosovo"
6232996,2026-03-10 05:00:00+00:00,11.8,16.8,µg/m³,48,9,1676,airgradient_prishtina_001,42.670917,21.151694,"Prishtina, Kosovo"
6232996,2026-03-10 06:00:00+00:00,12.8,18.5,µg/m³,49,8.6,1789,airgradient_prishtina_001,42.670917,21.151694,"Prishtina, Kosovo"
6232996,2026-03-10 07:00:00+00:00,18.6,27.3,µg/m³,49,9.5,2599,airgradient_prishtina_001,42.670917,21.151694,"Prishtina, Kosovo"
6232996,2026-03-10 08:00:00+00:00,21.9,33.2,µg/m³,39,14.5,3633,airgradient_prishtina_001,42.670917,21.151694,"Prishtina, Kosovo"
6232996,2026-03-10 09:00:00+00:00,16.7,24.3,µg/m³,35,16.2,2761,airgradient_prishtina_001,42.670917,21.151694,"Prishtina, Kosovo"
6232996,2026-03-10 10:00:00+00:00,11.2,15.7,µg/m³,33,16.1,1880,airgradient_prishtina_001,42.670917,21.151694,"Prishtina, Kosovo"
6232996,2026-03-10 11:00:00+00:00,5.8,7.9,µg/m³,29,16.3,1037,airgradient_prishtina_001,42.670917,21.151694,"Prishtina, Kosovo"
6232996,2026-03-10 12:00:00+00:00,5.1,6.8,µg/m³,25,16.9,931,airgradient_prishtina_001,42.670917,21.151694,"Prishtina, Kosovo"
6232996,2026-03-10 13:00:00+00:00,5.8,7.8,µg/m³,24,17.1,1038,airgradient_prishtina_001,42.670917,21.151694,"Prishtina, Kosovo"
6232996,2026-03-10 14:00:00+00:00,7.1,9.5,µg/m³,23,17.1,1255,airgradient_prishtina_001,42.670917,21.151694,"Prishtina, Kosovo"
6232996,2026-03-10 15:00:00+00:00,7.1,9.4,µg/m³,23,16.6,1237,airgradient_prishtina_001,42.670917,21.151694,"Prishtina, Kosovo"
6232996,2026-03-10 16:00:00+00:00,10.9,15.4,µg/m³,24,15.9,1850,airgradient_prishtina_001,42.670917,21.151694,"Prishtina, Kosovo"
6232996,2026-03-10 17:00:00+00:00,14.9,22.4,µg/m³,26,14.6,2408,airgradient_prishtina_001,42.670917,21.151694,"Prishtina, Kosovo"
6232996,2026-03-10 18:00:00+00:00,16.6,24.5,µg/m³,27,13.6,2689,airgradient_prishtina_001,42.670917,21.151694,"Prishtina, Kosovo"
6232996,2026-03-10 19:00:00+00:00,50.9,78.9,µg/m³,30,12.7,10952,airgradient_prishtina_001,42.670917,21.151694,"Prishtina, Kosovo"
6232996,2026-03-10 20:00:00+00:00,85.4,129.5,µg/m³,34,11.4,17466,airgradient_prishtina_001,42.670917,21.151694,"Prishtina, Kosovo"
6232996,2026-03-10 21:00:00+00:00,41.7,62.4,µg/m³,33,11,8415,airgradient_prishtina_001,42.670917,21.151694,"Prishtina, Kosovo"
6232996,2026-03-10 22:00:00+00:00,29.2,43.8,µg/m³,33,10.8,5022,airgradient_prishtina_001,42.670917,21.151694,"Prishtina, Kosovo"
6232996,2026-03-10 23:00:00+00:00,36.9,55.5,µg/m³,35,10.3,6894,airgradient_prishtina_001,42.670917,21.151694,"Prishtina, Kosovo"
6232996,2026-03-11 00:00:00+00:00,56.1,85.2,µg/m³,38,9.5,10733,airgradient_prishtina_001,42.670917,21.151694,"Prishtina, Kosovo"
6232996,2026-03-11 01:00:00+00:00,43.7,66,µg/m³,39,9.3,7884,airgradient_prishtina_001,42.670917,21.151694,"Prishtina, Kosovo"
6232996,2026-03-11 02:00:00+00:00,34.2,52,µg/m³,40,8.8,5641,airgradient_prishtina_001,42.670917,21.151694,"Prishtina, Kosovo"
6232996,2026-03-11 03:00:00+00:00,34.4,52.1,µg/m³,41,8.4,5555,airgradient_prishtina_001,42.670917,21.151694,"Prishtina, Kosovo"
6232996,2026-03-11 04:00:00+00:00,43.7,66.4,µg/m³,43,7.9,7591,airgradient_prishtina_001,42.670917,21.151694,"Prishtina, Kosovo"
6232996,2026-03-11 05:00:00+00:00,53.7,81.9,µg/m³,45,7.4,9919,airgradient_prishtina_001,42.670917,21.151694,"Prishtina, Kosovo"
6232996,2026-03-11 06:00:00+00:00,30.4,45.7,µg/m³,47,6.8,4312,airgradient_prishtina_001,42.670917,21.151694,"Prishtina, Kosovo"
6232996,2026-03-11 07:00:00+00:00,31.5,47.5,µg/m³,44,9,4995,airgradient_prishtina_001,42.670917,21.151694,"Prishtina, Kosovo"
6232996,2026-03-11 08:00:00+00:00,25.4,37.9,µg/m³,33,15.3,4644,airgradient_prishtina_001,42.670917,21.151694,"Prishtina, Kosovo"
6232996,2026-03-11 09:00:00+00:00,24.2,36.1,µg/m³,32,16.1,4452,airgradient_prishtina_001,42.670917,21.151694,"Prishtina, Kosovo"
6232996,2026-03-11 10:00:00+00:00,20.1,29.2,µg/m³,31,16.6,3485,airgradient_prishtina_001,42.670917,21.151694,"Prishtina, Kosovo"
6232996,2026-03-11 11:00:00+00:00,13.9,19.2,µg/m³,29,17.3,2305,airgradient_prishtina_001,42.670917,21.151694,"Prishtina, Kosovo"
6232996,2026-03-11 12:00:00+00:00,11.1,15.2,µg/m³,28,17.8,1893,airgradient_prishtina_001,42.670917,21.151694,"Prishtina, Kosovo"
6232996,2026-03-11 13:00:00+00:00,10.2,14,µg/m³,26,18.1,1772,airgradient_prishtina_001,42.670917,21.151694,"Prishtina, Kosovo"
6232996,2026-03-11 14:00:00+00:00,9.3,12.7,µg/m³,24,18,1615,airgradient_prishtina_001,42.670917,21.151694,"Prishtina, Kosovo"
6232996,2026-03-11 15:00:00+00:00,7.8,10.7,µg/m³,23,17.6,1362,airgradient_prishtina_001,42.670917,21.151694,"Prishtina, Kosovo"
6232996,2026-03-11 16:00:00+00:00,13.5,20.6,µg/m³,25,17.1,2427,airgradient_prishtina_001,42.670917,21.151694,"Prishtina, Kosovo"
6232996,2026-03-11 17:00:00+00:00,17.9,26.4,µg/m³,28,15.9,3110,airgradient_prishtina_001,42.670917,21.151694,"Prishtina, Kosovo"
6232996,2026-03-11 18:00:00+00:00,73,111.1,µg/m³,30,13.9,15968,airgradient_prishtina_001,42.670917,21.151694,"Prishtina, Kosovo"
6232996,2026-03-11 19:00:00+00:00,52.8,77.4,µg/m³,33,12.2,11262,airgradient_prishtina_001,42.670917,21.151694,"Prishtina, Kosovo"
6232996,2026-03-11 20:00:00+00:00,49.1,71.7,µg/m³,34,11.4,10203,airgradient_prishtina_001,42.670917,21.151694,"Prishtina, Kosovo"
6232996,2026-03-11 21:00:00+00:00,52.1,76.2,µg/m³,37,10.5,10661,airgradient_prishtina_001,42.670917,21.151694,"Prishtina, Kosovo"
6232996,2026-03-11 22:00:00+00:00,46.6,70.8,µg/m³,39,9.8,9118,airgradient_prishtina_001,42.670917,21.151694,"Prishtina, Kosovo"
6232996,2026-03-11 23:00:00+00:00,45.9,68.1,µg/m³,40,9.3,8866,airgradient_prishtina_001,42.670917,21.151694,"Prishtina, Kosovo"
6232996,2026-03-12 00:00:00+00:00,38.8,58.4,µg/m³,41,8.7,6822,airgradient_prishtina_001,42.670917,21.151694,"Prishtina, Kosovo"
6232996,2026-03-12 01:00:00+00:00,32.1,48.3,µg/m³,42,8.4,4998,airgradient_prishtina_001,42.670917,21.151694,"Prishtina, Kosovo"
6232996,2026-03-12 02:00:00+00:00,33.3,50.1,µg/m³,43,8,5261,airgradient_prishtina_001,42.670917,21.151694,"Prishtina, Kosovo"
6232996,2026-03-12 03:00:00+00:00,32.1,48.5,µg/m³,44,7.7,4892,airgradient_prishtina_001,42.670917,21.151694,"Prishtina, Kosovo"
6232996,2026-03-12 04:00:00+00:00,31.9,49.1,µg/m³,46,7.1,4735,airgradient_prishtina_001,42.670917,21.151694,"Prishtina, Kosovo"
6232996,2026-03-12 05:00:00+00:00,24.8,37.4,µg/m³,47,6.8,3280,airgradient_prishtina_001,42.670917,21.151694,"Prishtina, Kosovo"
6232996,2026-03-12 06:00:00+00:00,28.3,42.3,µg/m³,48,6.8,3962,airgradient_prishtina_001,42.670917,21.151694,"Prishtina, Kosovo"
6232996,2026-03-12 07:00:00+00:00,32.5,47.9,µg/m³,45,9,5366,airgradient_prishtina_001,42.670917,21.151694,"Prishtina, Kosovo"
6232996,2026-03-12 08:00:00+00:00,36.5,53.9,µg/m³,35,15.2,8270,airgradient_prishtina_001,42.670917,21.151694,"Prishtina, Kosovo"
6232996,2026-03-12 09:00:00+00:00,36.3,53.2,µg/m³,32,17,8730,airgradient_prishtina_001,42.670917,21.151694,"Prishtina, Kosovo"
6232996,2026-03-12 10:00:00+00:00,26.8,39.4,µg/m³,32,17.6,5350,airgradient_prishtina_001,42.670917,21.151694,"Prishtina, Kosovo"
6232996,2026-03-12 11:00:00+00:00,17.5,25,µg/m³,30,18.1,3000,airgradient_prishtina_001,42.670917,21.151694,"Prishtina, Kosovo"
6232996,2026-03-12 12:00:00+00:00,10.3,14.2,µg/m³,28,18.7,1791,airgradient_prishtina_001,42.670917,21.151694,"Prishtina, Kosovo"
6232996,2026-03-12 13:00:00+00:00,10.8,15.1,µg/m³,27,18.8,1871,airgradient_prishtina_001,42.670917,21.151694,"Prishtina, Kosovo"
6232996,2026-03-12 14:00:00+00:00,11.6,16.1,µg/m³,26,18.8,2069,airgradient_prishtina_001,42.670917,21.151694,"Prishtina, Kosovo"
6232996,2026-03-12 15:00:00+00:00,12.7,17.6,µg/m³,26,18.4,2171,airgradient_prishtina_001,42.670917,21.151694,"Prishtina, Kosovo"
6232996,2026-03-12 16:00:00+00:00,15.3,20.8,µg/m³,26,17.8,2587,airgradient_prishtina_001,42.670917,21.151694,"Prishtina, Kosovo"
6232996,2026-03-12 17:00:00+00:00,23.1,33.3,µg/m³,28,16.7,4314,airgradient_prishtina_001,42.670917,21.151694,"Prishtina, Kosovo"
6232996,2026-03-12 18:00:00+00:00,52.8,77.9,µg/m³,31,14.8,11895,airgradient_prishtina_001,42.670917,21.151694,"Prishtina, Kosovo"
6232996,2026-03-12 19:00:00+00:00,37.3,55,µg/m³,31,13.9,7896,airgradient_prishtina_001,42.670917,21.151694,"Prishtina, Kosovo"
6232996,2026-03-12 20:00:00+00:00,27.3,40.6,µg/m³,31,13.5,4807,airgradient_prishtina_001,42.670917,21.151694,"Prishtina, Kosovo"
6232996,2026-03-12 21:00:00+00:00,28.4,42.2,µg/m³,32,13.2,5212,airgradient_prishtina_001,42.670917,21.151694,"Prishtina, Kosovo"
6232996,2026-03-12 22:00:00+00:00,21.8,32.7,µg/m³,34,12.8,3482,airgradient_prishtina_001,42.670917,21.151694,"Prishtina, Kosovo"
6232996,2026-03-12 23:00:00+00:00,17.6,25.4,µg/m³,36,12.1,2600,airgradient_prishtina_001,42.670917,21.151694,"Prishtina, Kosovo"
6232996,2026-03-13 00:00:00+00:00,24.9,37,µg/m³,38,11.6,4106,airgradient_prishtina_001,42.670917,21.151694,"Prishtina, Kosovo"
6232996,2026-03-13 01:00:00+00:00,25.1,38,µg/m³,42,9.7,3709,airgradient_prishtina_001,42.670917,21.151694,"Prishtina, Kosovo"
6232996,2026-03-13 02:00:00+00:00,23.7,35.5,µg/m³,43,9.4,3398,airgradient_prishtina_001,42.670917,21.151694,"Prishtina, Kosovo"
6232996,2026-03-13 03:00:00+00:00,25.9,38.7,µg/m³,46,8.6,3701,airgradient_prishtina_001,42.670917,21.151694,"Prishtina, Kosovo"
6232996,2026-03-13 04:00:00+00:00,22.3,33.4,µg/m³,48,8.2,3017,airgradient_prishtina_001,42.670917,21.151694,"Prishtina, Kosovo"
6232996,2026-03-13 05:00:00+00:00,31.8,48,µg/m³,49,8,4843,airgradient_prishtina_001,42.670917,21.151694,"Prishtina, Kosovo"
6232996,2026-03-13 06:00:00+00:00,28.4,42.3,µg/m³,50,8,4095,airgradient_prishtina_001,42.670917,21.151694,"Prishtina, Kosovo"
6232996,2026-03-13 07:00:00+00:00,31,46,µg/m³,46,10.2,5228,airgradient_prishtina_001,42.670917,21.151694,"Prishtina, Kosovo"
6232996,2026-03-13 08:00:00+00:00,35.7,52.9,µg/m³,36,15.4,8162,airgradient_prishtina_001,42.670917,21.151694,"Prishtina, Kosovo"
6232996,2026-03-13 09:00:00+00:00,29.1,42.9,µg/m³,33,17.3,6143,airgradient_prishtina_001,42.670917,21.151694,"Prishtina, Kosovo"
6232996,2026-03-13 10:00:00+00:00,21.5,31.5,µg/m³,34,17.3,3797,airgradient_prishtina_001,42.670917,21.151694,"Prishtina, Kosovo"
6232996,2026-03-13 11:00:00+00:00,18.4,26.1,µg/m³,33,17.8,3057,airgradient_prishtina_001,42.670917,21.151694,"Prishtina, Kosovo"
6232996,2026-03-13 12:00:00+00:00,14.1,20.2,µg/m³,30,18.3,2408,airgradient_prishtina_001,42.670917,21.151694,"Prishtina, Kosovo"
6232996,2026-03-13 13:00:00+00:00,10.5,14.3,µg/m³,27,18.7,1809,airgradient_prishtina_001,42.670917,21.151694,"Prishtina, Kosovo"
6232996,2026-03-13 14:00:00+00:00,10.5,14.4,µg/m³,25,18.2,1795,airgradient_prishtina_001,42.670917,21.151694,"Prishtina, Kosovo"
6232996,2026-03-13 15:00:00+00:00,8.7,11.9,µg/m³,23,18.1,1541,airgradient_prishtina_001,42.670917,21.151694,"Prishtina, Kosovo"
6232996,2026-03-13 16:00:00+00:00,14.7,20.8,µg/m³,22,17.4,2477,airgradient_prishtina_001,42.670917,21.151694,"Prishtina, Kosovo"
6232996,2026-03-13 17:00:00+00:00,27.1,41.3,µg/m³,24,16.1,5399,airgradient_prishtina_001,42.670917,21.151694,"Prishtina, Kosovo"
6232996,2026-03-13 18:00:00+00:00,20.4,30.3,µg/m³,26,14.3,3409,airgradient_prishtina_001,42.670917,21.151694,"Prishtina, Kosovo"
6232996,2026-03-13 19:00:00+00:00,15.6,22.4,µg/m³,27,13.3,2429,airgradient_prishtina_001,42.670917,21.151694,"Prishtina, Kosovo"
6232996,2026-03-13 20:00:00+00:00,24,35.7,µg/m³,29,12.7,4080,airgradient_prishtina_001,42.670917,21.151694,"Prishtina, Kosovo"
6232996,2026-03-13 21:00:00+00:00,67.6,101,µg/m³,33,11.7,14054,airgradient_prishtina_001,42.670917,21.151694,"Prishtina, Kosovo"
6232996,2026-03-13 22:00:00+00:00,38.8,57.6,µg/m³,39,10.4,7367,airgradient_prishtina_001,42.670917,21.151694,"Prishtina, Kosovo"
6232996,2026-03-13 23:00:00+00:00,36.1,54.1,µg/m³,42,9.5,6354,airgradient_prishtina_001,42.670917,21.151694,"Prishtina, Kosovo"
6232996,2026-03-14 00:00:00+00:00,31.4,47.4,µg/m³,44,8.9,5000,airgradient_prishtina_001,42.670917,21.151694,"Prishtina, Kosovo"
6232996,2026-03-14 01:00:00+00:00,34.6,53.6,µg/m³,45,8.5,5694,airgradient_prishtina_001,42.670917,21.151694,"Prishtina, Kosovo"
6232996,2026-03-14 02:00:00+00:00,32.9,49.7,µg/m³,47,8.2,5069,airgradient_prishtina_001,42.670917,21.151694,"Prishtina, Kosovo"
6232996,2026-03-14 03:00:00+00:00,37.1,56.3,µg/m³,47,8.2,6276,airgradient_prishtina_001,42.670917,21.151694,"Prishtina, Kosovo"
6232996,2026-03-14 04:00:00+00:00,33.7,51,µg/m³,50,7.4,5293,airgradient_prishtina_001,42.670917,21.151694,"Prishtina, Kosovo"
6232996,2026-03-14 05:00:00+00:00,28,42.3,µg/m³,52,6.9,3814,airgradient_prishtina_001,42.670917,21.151694,"Prishtina, Kosovo"
6232996,2026-03-14 11:00:00+00:00,22.4,32.8,µg/m³,33,17.7,4048,airgradient_prishtina_001,42.670917,21.151694,"Prishtina, Kosovo"
6232996,2026-03-14 16:00:00+00:00,24.2,35.6,µg/m³,26,17.4,4691,airgradient_prishtina_001,42.670917,21.151694,"Prishtina, Kosovo"
6232996,2026-03-14 17:00:00+00:00,19.3,28,µg/m³,28,16.2,3235,airgradient_prishtina_001,42.670917,21.151694,"Prishtina, Kosovo"
6232996,2026-03-14 18:00:00+00:00,45.3,66.4,µg/m³,30,14.9,9748,airgradient_prishtina_001,42.670917,21.151694,"Prishtina, Kosovo"
6232996,2026-03-14 19:00:00+00:00,61.4,86.8,µg/m³,32,13.5,13165,airgradient_prishtina_001,42.670917,21.151694,"Prishtina, Kosovo"
6232996,2026-03-14 20:00:00+00:00,64,92.8,µg/m³,34,13.1,13450,airgradient_prishtina_001,42.670917,21.151694,"Prishtina, Kosovo"
6232996,2026-03-14 21:00:00+00:00,66,100.5,µg/m³,37,11.6,13691,airgradient_prishtina_001,42.670917,21.151694,"Prishtina, Kosovo"
6232996,2026-03-14 22:00:00+00:00,45.7,68.3,µg/m³,39,10.8,9339,airgradient_prishtina_001,42.670917,21.151694,"Prishtina, Kosovo"
6232996,2026-03-14 23:00:00+00:00,59.5,86.9,µg/m³,41,10.1,11931,airgradient_prishtina_001,42.670917,21.151694,"Prishtina, Kosovo"
6232996,2026-03-15 00:00:00+00:00,48,70.9,µg/m³,43,9.6,9487,airgradient_prishtina_001,42.670917,21.151694,"Prishtina, Kosovo"
6232996,2026-03-15 01:00:00+00:00,39.3,59,µg/m³,44,9.5,7375,airgradient_prishtina_001,42.670917,21.151694,"Prishtina, Kosovo"
6232996,2026-03-15 02:00:00+00:00,41.2,61.8,µg/m³,44,9.6,7785,airgradient_prishtina_001,42.670917,21.151694,"Prishtina, Kosovo"
6232996,2026-03-15 03:00:00+00:00,54.9,81.1,µg/m³,46,9,10699,airgradient_prishtina_001,42.670917,21.151694,"Prishtina, Kosovo"
6232996,2026-03-15 04:00:00+00:00,33.7,50.6,µg/m³,49,8.2,5465,airgradient_prishtina_001,42.670917,21.151694,"Prishtina, Kosovo"
6232996,2026-03-15 05:00:00+00:00,31.5,48.3,µg/m³,51,7.4,4674,airgradient_prishtina_001,42.670917,21.151694,"Prishtina, Kosovo"
6232996,2026-03-15 06:00:00+00:00,29.7,45.4,µg/m³,52,7.6,4284,airgradient_prishtina_001,42.670917,21.151694,"Prishtina, Kosovo"
6232996,2026-03-15 07:00:00+00:00,34.6,52,µg/m³,47,10.4,6203,airgradient_prishtina_001,42.670917,21.151694,"Prishtina, Kosovo"
6232996,2026-03-15 08:00:00+00:00,32.8,49.1,µg/m³,38,15.2,7021,airgradient_prishtina_001,42.670917,21.151694,"Prishtina, Kosovo"
6232996,2026-03-15 09:00:00+00:00,27.3,40.7,µg/m³,36,16.5,5376,airgradient_prishtina_001,42.670917,21.151694,"Prishtina, Kosovo"
6232996,2026-03-15 10:00:00+00:00,24.2,36.1,µg/m³,37,16.8,4466,airgradient_prishtina_001,42.670917,21.151694,"Prishtina, Kosovo"
6232996,2026-03-15 11:00:00+00:00,23.4,34.2,µg/m³,36,17.2,4256,airgradient_prishtina_001,42.670917,21.151694,"Prishtina, Kosovo"
6232996,2026-03-15 12:00:00+00:00,20.8,30.4,µg/m³,33,18.4,3627,airgradient_prishtina_001,42.670917,21.151694,"Prishtina, Kosovo"
6232996,2026-03-15 13:00:00+00:00,20.8,30.2,µg/m³,31,18,3596,airgradient_prishtina_001,42.670917,21.151694,"Prishtina, Kosovo"
6232996,2026-03-15 14:00:00+00:00,17.9,24.6,µg/m³,30,17.2,2982,airgradient_prishtina_001,42.670917,21.151694,"Prishtina, Kosovo"
6232996,2026-03-15 15:00:00+00:00,20.9,30.3,µg/m³,28,17.3,3657,airgradient_prishtina_001,42.670917,21.151694,"Prishtina, Kosovo"
6232996,2026-03-15 16:00:00+00:00,24.4,36.7,µg/m³,27,16.6,4548,airgradient_prishtina_001,42.670917,21.151694,"Prishtina, Kosovo"
6232996,2026-03-15 17:00:00+00:00,25.7,39.4,µg/m³,29,15.6,4765,airgradient_prishtina_001,42.670917,21.151694,"Prishtina, Kosovo"
6232996,2026-03-15 18:00:00+00:00,31.2,48.3,µg/m³,33,13.9,6190,airgradient_prishtina_001,42.670917,21.151694,"Prishtina, Kosovo"
6232996,2026-03-15 19:00:00+00:00,27,41.1,µg/m³,35,13,4665,airgradient_prishtina_001,42.670917,21.151694,"Prishtina, Kosovo"
6232996,2026-03-15 20:00:00+00:00,26.5,39.9,µg/m³,38,12.2,4307,airgradient_prishtina_001,42.670917,21.151694,"Prishtina, Kosovo"
6232996,2026-03-15 21:00:00+00:00,33.4,50.1,µg/m³,38,12.1,6273,airgradient_prishtina_001,42.670917,21.151694,"Prishtina, Kosovo"
6232996,2026-03-15 22:00:00+00:00,37.7,57.1,µg/m³,40,11.6,7279,airgradient_prishtina_001,42.670917,21.151694,"Prishtina, Kosovo"
6232996,2026-03-15 23:00:00+00:00,29.8,45.7,µg/m³,42,10.8,5068,airgradient_prishtina_001,42.670917,21.151694,"Prishtina, Kosovo"
6232996,2026-03-16 00:00:00+00:00,32.7,50,µg/m³,44,10.3,5588,airgradient_prishtina_001,42.670917,21.151694,"Prishtina, Kosovo"
6232996,2026-03-16 01:00:00+00:00,37.5,57.4,µg/m³,46,9.4,6774,airgradient_prishtina_001,42.670917,21.151694,"Prishtina, Kosovo"
6232996,2026-03-16 02:00:00+00:00,38.9,60.1,µg/m³,49,8,6732,airgradient_prishtina_001,42.670917,21.151694,"Prishtina, Kosovo"
6232996,2026-03-16 03:00:00+00:00,31,47.8,µg/m³,50,7.7,4581,airgradient_prishtina_001,42.670917,21.151694,"Prishtina, Kosovo"
6232996,2026-03-16 04:00:00+00:00,32.6,50.3,µg/m³,52,7.1,4795,airgradient_prishtina_001,42.670917,21.151694,"Prishtina, Kosovo"
6232996,2026-03-16 05:00:00+00:00,32.6,50.9,µg/m³,52,6.9,4819,airgradient_prishtina_001,42.670917,21.151694,"Prishtina, Kosovo"
6232996,2026-03-16 06:00:00+00:00,33,51.3,µg/m³,53,6.7,4847,airgradient_prishtina_001,42.670917,21.151694,"Prishtina, Kosovo"
6232996,2026-03-16 07:00:00+00:00,33.1,50.9,µg/m³,49,9.5,5526,airgradient_prishtina_001,42.670917,21.151694,"Prishtina, Kosovo"
6232996,2026-03-16 08:00:00+00:00,31.1,47.5,µg/m³,38,14.8,6202,airgradient_prishtina_001,42.670917,21.151694,"Prishtina, Kosovo"
6232996,2026-03-16 09:00:00+00:00,28.3,43.8,µg/m³,37,16,5682,airgradient_prishtina_001,42.670917,21.151694,"Prishtina, Kosovo"
6232996,2026-03-16 10:00:00+00:00,28.6,44.5,µg/m³,38,16.2,5765,airgradient_prishtina_001,42.670917,21.151694,"Prishtina, Kosovo"
6232996,2026-03-16 11:00:00+00:00,28,42.6,µg/m³,38,17,5606,airgradient_prishtina_001,42.670917,21.151694,"Prishtina, Kosovo"
6232996,2026-03-16 12:00:00+00:00,28.1,42.5,µg/m³,37,17.5,5650,airgradient_prishtina_001,42.670917,21.151694,"Prishtina, Kosovo"
6232996,2026-03-16 13:00:00+00:00,26.5,40.1,µg/m³,34,17.8,5183,airgradient_prishtina_001,42.670917,21.151694,"Prishtina, Kosovo"
6232996,2026-03-16 14:00:00+00:00,21,30.4,µg/m³,27,17.9,3673,airgradient_prishtina_001,42.670917,21.151694,"Prishtina, Kosovo"
6232996,2026-03-16 15:00:00+00:00,21.5,31.2,µg/m³,27,17.6,3796,airgradient_prishtina_001,42.670917,21.151694,"Prishtina, Kosovo"
6232996,2026-03-16 16:00:00+00:00,23.1,33.4,µg/m³,28,17.1,4195,airgradient_prishtina_001,42.670917,21.151694,"Prishtina, Kosovo"
6232996,2026-03-16 17:00:00+00:00,37.6,56.5,µg/m³,33,15.8,8636,airgradient_prishtina_001,42.670917,21.151694,"Prishtina, Kosovo"
6232996,2026-03-16 18:00:00+00:00,40.4,61.9,µg/m³,37,14.2,8793,airgradient_prishtina_001,42.670917,21.151694,"Prishtina, Kosovo"
6232996,2026-03-16 19:00:00+00:00,32,48.3,µg/m³,39,13.1,6004,airgradient_prishtina_001,42.670917,21.151694,"Prishtina, Kosovo"
6232996,2026-03-16 20:00:00+00:00,28,42.1,µg/m³,39,12.4,4698,airgradient_prishtina_001,42.670917,21.151694,"Prishtina, Kosovo"
6232996,2026-03-16 21:00:00+00:00,27,41.4,µg/m³,39,12,4415,airgradient_prishtina_001,42.670917,21.151694,"Prishtina, Kosovo"
6232996,2026-03-16 22:00:00+00:00,31.1,46.8,µg/m³,40,12.1,5545,airgradient_prishtina_001,42.670917,21.151694,"Prishtina, Kosovo"
6232996,2026-03-16 23:00:00+00:00,24.9,37.9,µg/m³,39,12.2,4053,airgradient_prishtina_001,42.670917,21.151694,"Prishtina, Kosovo"
6232996,2026-03-17 00:00:00+00:00,23,35.5,µg/m³,40,11.9,3562,airgradient_prishtina_001,42.670917,21.151694,"Prishtina, Kosovo"
6232996,2026-03-17 01:00:00+00:00,22.9,34.8,µg/m³,42,11.2,3362,airgradient_prishtina_001,42.670917,21.151694,"Prishtina, Kosovo"
6232996,2026-03-17 02:00:00+00:00,25.2,38.5,µg/m³,43,10.6,3806,airgradient_prishtina_001,42.670917,21.151694,"Prishtina, Kosovo"
6232996,2026-03-17 03:00:00+00:00,25.8,39.5,µg/m³,43,10.6,3920,airgradient_prishtina_001,42.670917,21.151694,"Prishtina, Kosovo"
6232996,2026-03-17 04:00:00+00:00,24.3,37.3,µg/m³,44,10.1,3551,airgradient_prishtina_001,42.670917,21.151694,"Prishtina, Kosovo"
6232996,2026-03-17 05:00:00+00:00,23.3,35.3,µg/m³,45,10,3369,airgradient_prishtina_001,42.670917,21.151694,"Prishtina, Kosovo"
6232996,2026-03-17 06:00:00+00:00,24.2,36.5,µg/m³,45,10.1,3516,airgradient_prishtina_001,42.670917,21.151694,"Prishtina, Kosovo"
6232996,2026-03-17 07:00:00+00:00,27.5,42,µg/m³,44,11.6,4512,airgradient_prishtina_001,42.670917,21.151694,"Prishtina, Kosovo"
6232996,2026-03-17 08:00:00+00:00,31.6,47.9,µg/m³,42,13.4,6079,airgradient_prishtina_001,42.670917,21.151694,"Prishtina, Kosovo"
6232996,2026-03-17 09:00:00+00:00,23.1,34.7,µg/m³,41,14.1,3780,airgradient_prishtina_001,42.670917,21.151694,"Prishtina, Kosovo"
6232996,2026-03-17 10:00:00+00:00,23,34.8,µg/m³,40,13.4,3660,airgradient_prishtina_001,42.670917,21.151694,"Prishtina, Kosovo"
6232996,2026-03-17 11:00:00+00:00,21.7,32.3,µg/m³,40,13.2,3299,airgradient_prishtina_001,42.670917,21.151694,"Prishtina, Kosovo"
6232996,2026-03-17 12:00:00+00:00,23.3,34.9,µg/m³,39,13.7,3720,airgradient_prishtina_001,42.670917,21.151694,"Prishtina, Kosovo"
6232996,2026-03-17 13:00:00+00:00,25.3,38.3,µg/m³,41,13.2,4221,airgradient_prishtina_001,42.670917,21.151694,"Prishtina, Kosovo"
6232996,2026-03-17 14:00:00+00:00,26.3,40.1,µg/m³,40,12.8,4343,airgradient_prishtina_001,42.670917,21.151694,"Prishtina, Kosovo"
6232996,2026-03-17 15:00:00+00:00,29,44.1,µg/m³,42,12.6,4996,airgradient_prishtina_001,42.670917,21.151694,"Prishtina, Kosovo"
6232996,2026-03-17 16:00:00+00:00,29.8,45.7,µg/m³,43,12.8,5228,airgradient_prishtina_001,42.670917,21.151694,"Prishtina, Kosovo"
6232996,2026-03-17 17:00:00+00:00,30,45.7,µg/m³,49,11.6,4965,airgradient_prishtina_001,42.670917,21.151694,"Prishtina, Kosovo"
6232996,2026-03-17 18:00:00+00:00,30,46,µg/m³,54,10.6,4768,airgradient_prishtina_001,42.670917,21.151694,"Prishtina, Kosovo"
6232996,2026-03-17 19:00:00+00:00,31.3,48.1,µg/m³,60,9.8,4966,airgradient_prishtina_001,42.670917,21.151694,"Prishtina, Kosovo"
6232996,2026-03-17 20:00:00+00:00,31.6,48.2,µg/m³,60,10.1,5055,airgradient_prishtina_001,42.670917,21.151694,"Prishtina, Kosovo"
6232996,2026-03-17 21:00:00+00:00,31.4,48.3,µg/m³,57,10.6,5171,airgradient_prishtina_001,42.670917,21.151694,"Prishtina, Kosovo"
6232996,2026-03-17 22:00:00+00:00,28.2,43.4,µg/m³,54,10.7,4432,airgradient_prishtina_001,42.670917,21.151694,"Prishtina, Kosovo"
6232996,2026-03-17 23:00:00+00:00,29.2,45.1,µg/m³,54,10.5,4622,airgradient_prishtina_001,42.670917,21.151694,"Prishtina, Kosovo"
6232996,2026-03-18 00:00:00+00:00,28.7,44.6,µg/m³,58,10.2,4454,airgradient_prishtina_001,42.670917,21.151694,"Prishtina, Kosovo"
6232996,2026-03-18 01:00:00+00:00,28.6,44.8,µg/m³,59,10.2,4430,airgradient_prishtina_001,42.670917,21.151694,"Prishtina, Kosovo"
6232996,2026-03-18 02:00:00+00:00,29,45.7,µg/m³,58,10.4,4572,airgradient_prishtina_001,42.670917,21.151694,"Prishtina, Kosovo"
6232996,2026-03-18 03:00:00+00:00,25,39,µg/m³,57,10.2,3653,airgradient_prishtina_001,42.670917,21.151694,"Prishtina, Kosovo"
6232996,2026-03-18 04:00:00+00:00,25.7,39.6,µg/m³,56,10.2,3750,airgradient_prishtina_001,42.670917,21.151694,"Prishtina, Kosovo"
6232996,2026-03-18 05:00:00+00:00,27,42.3,µg/m³,54,10.4,4089,airgradient_prishtina_001,42.670917,21.151694,"Prishtina, Kosovo"
6232996,2026-03-18 06:00:00+00:00,25.8,40.3,µg/m³,54,10,3790,airgradient_prishtina_001,42.670917,21.151694,"Prishtina, Kosovo"
6232996,2026-03-18 07:00:00+00:00,21.9,33.6,µg/m³,50,10,3061,airgradient_prishtina_001,42.670917,21.151694,"Prishtina, Kosovo"
6232996,2026-03-18 08:00:00+00:00,18.7,28.8,µg/m³,47,10.5,2668,airgradient_prishtina_001,42.670917,21.151694,"Prishtina, Kosovo"
6232996,2026-03-18 09:00:00+00:00,20.9,31.9,µg/m³,43,11.6,3133,airgradient_prishtina_001,42.670917,21.151694,"Prishtina, Kosovo"
6232996,2026-03-18 10:00:00+00:00,17.9,27.9,µg/m³,43,11.2,2642,airgradient_prishtina_001,42.670917,21.151694,"Prishtina, Kosovo"
6232996,2026-03-18 11:00:00+00:00,15.2,22.9,µg/m³,40,11.9,2267,airgradient_prishtina_001,42.670917,21.151694,"Prishtina, Kosovo"
6232996,2026-03-18 12:00:00+00:00,15,21.9,µg/m³,39,12.5,2285,airgradient_prishtina_001,42.670917,21.151694,"Prishtina, Kosovo"
6232996,2026-03-18 13:00:00+00:00,15.8,22.9,µg/m³,39,12.6,2435,airgradient_prishtina_001,42.670917,21.151694,"Prishtina, Kosovo"
6232996,2026-03-18 14:00:00+00:00,15.9,23.1,µg/m³,40,12.5,2394,airgradient_prishtina_001,42.670917,21.151694,"Prishtina, Kosovo"
6232996,2026-03-18 15:00:00+00:00,16.2,24.1,µg/m³,38,12.3,2471,airgradient_prishtina_001,42.670917,21.151694,"Prishtina, Kosovo"
6232996,2026-03-18 16:00:00+00:00,18.9,28.4,µg/m³,39,11.5,2808,airgradient_prishtina_001,42.670917,21.151694,"Prishtina, Kosovo"
6232996,2026-03-18 17:00:00+00:00,20.6,30.6,µg/m³,40,11.1,2957,airgradient_prishtina_001,42.670917,21.151694,"Prishtina, Kosovo"
6232996,2026-03-18 18:00:00+00:00,20.8,31.4,µg/m³,40,11.1,3039,airgradient_prishtina_001,42.670917,21.151694,"Prishtina, Kosovo"
6232996,2026-03-18 19:00:00+00:00,18.1,27,µg/m³,40,10.9,2639,airgradient_prishtina_001,42.670917,21.151694,"Prishtina, Kosovo"
6232996,2026-03-18 20:00:00+00:00,19.4,28.6,µg/m³,41,10.7,2768,airgradient_prishtina_001,42.670917,21.151694,"Prishtina, Kosovo"
6232996,2026-03-18 21:00:00+00:00,19.7,29.4,µg/m³,42,10.4,2804,airgradient_prishtina_001,42.670917,21.151694,"Prishtina, Kosovo"
6232996,2026-03-18 22:00:00+00:00,19.8,30.1,µg/m³,43,10.2,2804,airgradient_prishtina_001,42.670917,21.151694,"Prishtina, Kosovo"
6232996,2026-03-18 23:00:00+00:00,18.7,27.8,µg/m³,45,10,2616,airgradient_prishtina_001,42.670917,21.151694,"Prishtina, Kosovo"
6232996,2026-03-19 00:00:00+00:00,15.5,22.9,µg/m³,46,9.6,2183,airgradient_prishtina_001,42.670917,21.151694,"Prishtina, Kosovo"
6232996,2026-03-19 01:00:00+00:00,14,20.4,µg/m³,47,9.7,2001,airgradient_prishtina_001,42.670917,21.151694,"Prishtina, Kosovo"
6232996,2026-03-19 02:00:00+00:00,11.9,17,µg/m³,47,9.6,1690,airgradient_prishtina_001,42.670917,21.151694,"Prishtina, Kosovo"
6232996,2026-03-19 03:00:00+00:00,12,17.2,µg/m³,47,9.6,1719,airgradient_prishtina_001,42.670917,21.151694,"Prishtina, Kosovo"
6232996,2026-03-19 04:00:00+00:00,11.3,15.8,µg/m³,47,9.5,1598,airgradient_prishtina_001,42.670917,21.151694,"Prishtina, Kosovo"
6232996,2026-03-19 05:00:00+00:00,11.9,16.8,µg/m³,47,8.9,1666,airgradient_prishtina_001,42.670917,21.151694,"Prishtina, Kosovo"
6232996,2026-03-19 06:00:00+00:00,11.5,16.3,µg/m³,46,8.7,1608,airgradient_prishtina_001,42.670917,21.151694,"Prishtina, Kosovo"
6232996,2026-03-19 07:00:00+00:00,11.8,17.2,µg/m³,41,9.6,1715,airgradient_prishtina_001,42.670917,21.151694,"Prishtina, Kosovo"
6232996,2026-03-19 08:00:00+00:00,10.8,15.5,µg/m³,37,10.5,1602,airgradient_prishtina_001,42.670917,21.151694,"Prishtina, Kosovo"
6232996,2026-03-19 09:00:00+00:00,10.2,14.7,µg/m³,33,12,1567,airgradient_prishtina_001,42.670917,21.151694,"Prishtina, Kosovo"
6232996,2026-03-19 10:00:00+00:00,9.7,13.7,µg/m³,32,12.2,1487,airgradient_prishtina_001,42.670917,21.151694,"Prishtina, Kosovo"
6232996,2026-03-19 11:00:00+00:00,10,14,µg/m³,32,13.1,1573,airgradient_prishtina_001,42.670917,21.151694,"Prishtina, Kosovo"
6232996,2026-03-19 12:00:00+00:00,9.8,14.1,µg/m³,31,13.5,1568,airgradient_prishtina_001,42.670917,21.151694,"Prishtina, Kosovo"
6232996,2026-03-19 13:00:00+00:00,10,14.3,µg/m³,31,13.4,1611,airgradient_prishtina_001,42.670917,21.151694,"Prishtina, Kosovo"
6232996,2026-03-19 14:00:00+00:00,11.9,17.4,µg/m³,32,12.8,1851,airgradient_prishtina_001,42.670917,21.151694,"Prishtina, Kosovo"
6232996,2026-03-19 15:00:00+00:00,13.9,20.3,µg/m³,32,12.5,2118,airgradient_prishtina_001,42.670917,21.151694,"Prishtina, Kosovo"
6232996,2026-03-19 16:00:00+00:00,13.5,19.8,µg/m³,33,11.7,2006,airgradient_prishtina_001,42.670917,21.151694,"Prishtina, Kosovo"
6232996,2026-03-19 17:00:00+00:00,16.9,25.2,µg/m³,35,10.8,2454,airgradient_prishtina_001,42.670917,21.151694,"Prishtina, Kosovo"
6232996,2026-03-19 18:00:00+00:00,14.8,21.6,µg/m³,37,10,2121,airgradient_prishtina_001,42.670917,21.151694,"Prishtina, Kosovo"
6232996,2026-03-19 19:00:00+00:00,14.4,22,µg/m³,38,9.7,2054,airgradient_prishtina_001,42.670917,21.151694,"Prishtina, Kosovo"
6232996,2026-03-19 20:00:00+00:00,14.4,21.6,µg/m³,41,8.9,2005,airgradient_prishtina_001,42.670917,21.151694,"Prishtina, Kosovo"
6232996,2026-03-19 21:00:00+00:00,19,28.8,µg/m³,43,8.2,2555,airgradient_prishtina_001,42.670917,21.151694,"Prishtina, Kosovo"
6232996,2026-03-19 22:00:00+00:00,20.9,31.2,µg/m³,45,7.7,2788,airgradient_prishtina_001,42.670917,21.151694,"Prishtina, Kosovo"
6232996,2026-03-19 23:00:00+00:00,25.4,38.3,µg/m³,46,7.2,3345,airgradient_prishtina_001,42.670917,21.151694,"Prishtina, Kosovo"
6232996,2026-03-20 00:00:00+00:00,23.9,36.6,µg/m³,47,6.9,3095,airgradient_prishtina_001,42.670917,21.151694,"Prishtina, Kosovo"
6232996,2026-03-20 01:00:00+00:00,20.1,30.6,µg/m³,48,6.6,2552,airgradient_prishtina_001,42.670917,21.151694,"Prishtina, Kosovo"
6232996,2026-03-20 02:00:00+00:00,22.4,33.8,µg/m³,49,6.4,2903,airgradient_prishtina_001,42.670917,21.151694,"Prishtina, Kosovo"
6232996,2026-03-20 03:00:00+00:00,20.6,31.5,µg/m³,49,6.2,2637,airgradient_prishtina_001,42.670917,21.151694,"Prishtina, Kosovo"
6232996,2026-03-20 04:00:00+00:00,17.6,26.9,µg/m³,49,6.6,2301,airgradient_prishtina_001,42.670917,21.151694,"Prishtina, Kosovo"
6232996,2026-03-20 05:00:00+00:00,21.4,33.4,µg/m³,49,6.9,2782,airgradient_prishtina_001,42.670917,21.151694,"Prishtina, Kosovo"
6232996,2026-03-20 06:00:00+00:00,32.6,49.4,µg/m³,48,7.4,5219,airgradient_prishtina_001,42.670917,21.151694,"Prishtina, Kosovo"
6232996,2026-03-20 07:00:00+00:00,26.8,41.7,µg/m³,46,7.9,3753,airgradient_prishtina_001,42.670917,21.151694,"Prishtina, Kosovo"
6232996,2026-03-20 08:00:00+00:00,18.7,28.1,µg/m³,45,8.5,2514,airgradient_prishtina_001,42.670917,21.151694,"Prishtina, Kosovo"
6232996,2026-03-20 09:00:00+00:00,14.8,22.5,µg/m³,43,9.3,2076,airgradient_prishtina_001,42.670917,21.151694,"Prishtina, Kosovo"
6232996,2026-03-20 10:00:00+00:00,12.1,17.8,µg/m³,40,10.4,1766,airgradient_prishtina_001,42.670917,21.151694,"Prishtina, Kosovo"
6232996,2026-03-20 11:00:00+00:00,10.8,16.3,µg/m³,38,10.7,1629,airgradient_prishtina_001,42.670917,21.151694,"Prishtina, Kosovo"
6232996,2026-03-20 12:00:00+00:00,15.4,22.9,µg/m³,35,10.7,2227,airgradient_prishtina_001,42.670917,21.151694,"Prishtina, Kosovo"
6232996,2026-03-20 13:00:00+00:00,16.9,26.1,µg/m³,36,10,2408,airgradient_prishtina_001,42.670917,21.151694,"Prishtina, Kosovo"
6232996,2026-03-20 14:00:00+00:00,17.2,25.6,µg/m³,38,9.9,2410,airgradient_prishtina_001,42.670917,21.151694,"Prishtina, Kosovo"
6232996,2026-03-20 15:00:00+00:00,14.3,21.2,µg/m³,39,9.8,2023,airgradient_prishtina_001,42.670917,21.151694,"Prishtina, Kosovo"
6232996,2026-03-20 16:00:00+00:00,18.8,28.4,µg/m³,41,9.5,2615,airgradient_prishtina_001,42.670917,21.151694,"Prishtina, Kosovo"
6232996,2026-03-20 17:00:00+00:00,20.2,30.4,µg/m³,42,9.4,2791,airgradient_prishtina_001,42.670917,21.151694,"Prishtina, Kosovo"
6232996,2026-03-20 18:00:00+00:00,24.1,36.5,µg/m³,43,9.2,3377,airgradient_prishtina_001,42.670917,21.151694,"Prishtina, Kosovo"
6232996,2026-03-20 19:00:00+00:00,26.5,40.4,µg/m³,43,9.2,3908,airgradient_prishtina_001,42.670917,21.151694,"Prishtina, Kosovo"
6232996,2026-03-20 20:00:00+00:00,24.1,36.3,µg/m³,43,9.1,3356,airgradient_prishtina_001,42.670917,21.151694,"Prishtina, Kosovo"
6232996,2026-03-20 21:00:00+00:00,27.1,42.2,µg/m³,43,9,3956,airgradient_prishtina_001,42.670917,21.151694,"Prishtina, Kosovo"
6232996,2026-03-20 22:00:00+00:00,22.7,34.2,µg/m³,44,8.8,3045,airgradient_prishtina_001,42.670917,21.151694,"Prishtina, Kosovo"
6232996,2026-03-20 23:00:00+00:00,24.2,36.4,µg/m³,45,8.5,3317,airgradient_prishtina_001,42.670917,21.151694,"Prishtina, Kosovo"
6232996,2026-03-21 00:00:00+00:00,21.9,33.5,µg/m³,46,7.6,2867,airgradient_prishtina_001,42.670917,21.151694,"Prishtina, Kosovo"
6232996,2026-03-21 01:00:00+00:00,34.8,53.6,µg/m³,48,6.8,5427,airgradient_prishtina_001,42.670917,21.151694,"Prishtina, Kosovo"
6232996,2026-03-21 02:00:00+00:00,24.5,38.1,µg/m³,47,6.5,3237,airgradient_prishtina_001,42.670917,21.151694,"Prishtina, Kosovo"
6232996,2026-03-21 03:00:00+00:00,16.4,25.3,µg/m³,44,7.2,2134,airgradient_prishtina_001,42.670917,21.151694,"Prishtina, Kosovo"
6232996,2026-03-21 04:00:00+00:00,15.4,23.8,µg/m³,44,7.5,2046,airgradient_prishtina_001,42.670917,21.151694,"Prishtina, Kosovo"
6232996,2026-03-21 05:00:00+00:00,14.8,23.1,µg/m³,44,7.1,1974,airgradient_prishtina_001,42.670917,21.151694,"Prishtina, Kosovo"
6232996,2026-03-21 06:00:00+00:00,14.1,21.8,µg/m³,46,6.8,1858,airgradient_prishtina_001,42.670917,21.151694,"Prishtina, Kosovo"
6232996,2026-03-21 07:00:00+00:00,13.7,21,µg/m³,42,9.3,1941,airgradient_prishtina_001,42.670917,21.151694,"Prishtina, Kosovo"
6232996,2026-03-21 08:00:00+00:00,16.1,24.4,µg/m³,35,12.4,2436,airgradient_prishtina_001,42.670917,21.151694,"Prishtina, Kosovo"
6232996,2026-03-21 09:00:00+00:00,16.1,24.5,µg/m³,34,12.6,2450,airgradient_prishtina_001,42.670917,21.151694,"Prishtina, Kosovo"
6232996,2026-03-21 10:00:00+00:00,15.5,22.5,µg/m³,31,13.8,2415,airgradient_prishtina_001,42.670917,21.151694,"Prishtina, Kosovo"
6232996,2026-03-21 11:00:00+00:00,26.8,43.7,µg/m³,30,13.9,5044,airgradient_prishtina_001,42.670917,21.151694,"Prishtina, Kosovo"
6232996,2026-03-21 12:00:00+00:00,51.4,84,µg/m³,31,13.4,10338,airgradient_prishtina_001,42.670917,21.151694,"Prishtina, Kosovo"
6232996,2026-03-21 13:00:00+00:00,24,36.6,µg/m³,30,13.9,4246,airgradient_prishtina_001,42.670917,21.151694,"Prishtina, Kosovo"
6232996,2026-03-21 14:00:00+00:00,19.2,28.4,µg/m³,31,13.4,2962,airgradient_prishtina_001,42.670917,21.151694,"Prishtina, Kosovo"
6232996,2026-03-21 15:00:00+00:00,20.1,29.5,µg/m³,32,12.9,3029,airgradient_prishtina_001,42.670917,21.151694,"Prishtina, Kosovo"
6232996,2026-03-21 16:00:00+00:00,21,32,µg/m³,32,12.5,3214,airgradient_prishtina_001,42.670917,21.151694,"Prishtina, Kosovo"
6232996,2026-03-21 17:00:00+00:00,22.4,33.7,µg/m³,32,11.9,3400,airgradient_prishtina_001,42.670917,21.151694,"Prishtina, Kosovo"
6232996,2026-03-21 18:00:00+00:00,22.2,33.6,µg/m³,34,11.5,3301,airgradient_prishtina_001,42.670917,21.151694,"Prishtina, Kosovo"
6232996,2026-03-21 19:00:00+00:00,23.2,35.4,µg/m³,34,11.2,3424,airgradient_prishtina_001,42.670917,21.151694,"Prishtina, Kosovo"
6232996,2026-03-21 20:00:00+00:00,22.6,34.1,µg/m³,35,10.8,3271,airgradient_prishtina_001,42.670917,21.151694,"Prishtina, Kosovo"
6232996,2026-03-21 21:00:00+00:00,23.4,35.2,µg/m³,35,10.9,3459,airgradient_prishtina_001,42.670917,21.151694,"Prishtina, Kosovo"
6232996,2026-03-21 22:00:00+00:00,24.8,37.4,µg/m³,36,10.3,3715,airgradient_prishtina_001,42.670917,21.151694,"Prishtina, Kosovo"
6232996,2026-03-21 23:00:00+00:00,25.8,39.7,µg/m³,39,9.3,3755,airgradient_prishtina_001,42.670917,21.151694,"Prishtina, Kosovo"
6232996,2026-03-22 00:00:00+00:00,41.5,63.8,µg/m³,41,8.6,7337,airgradient_prishtina_001,42.670917,21.151694,"Prishtina, Kosovo"
6232996,2026-03-22 01:00:00+00:00,27.3,41.2,µg/m³,42,8.4,3915,airgradient_prishtina_001,42.670917,21.151694,"Prishtina, Kosovo"
6232996,2026-03-22 02:00:00+00:00,20.7,32.1,µg/m³,41,9.1,2849,airgradient_prishtina_001,42.670917,21.151694,"Prishtina, Kosovo"
6232996,2026-03-22 03:00:00+00:00,19.7,29.9,µg/m³,41,9.2,2701,airgradient_prishtina_001,42.670917,21.151694,"Prishtina, Kosovo"
6232996,2026-03-22 04:00:00+00:00,16.6,25.2,µg/m³,42,9,2270,airgradient_prishtina_001,42.670917,21.151694,"Prishtina, Kosovo"
6232996,2026-03-22 05:00:00+00:00,17.5,27,µg/m³,44,8.7,2388,airgradient_prishtina_001,42.670917,21.151694,"Prishtina, Kosovo"
6232996,2026-03-22 06:00:00+00:00,17.9,27.3,µg/m³,45,9.1,2460,airgradient_prishtina_001,42.670917,21.151694,"Prishtina, Kosovo"
6232996,2026-03-22 07:00:00+00:00,14.6,22.2,µg/m³,41,11.3,2156,airgradient_prishtina_001,42.670917,21.151694,"Prishtina, Kosovo"
6232996,2026-03-22 08:00:00+00:00,11.3,16.6,µg/m³,37,14.1,1848,airgradient_prishtina_001,42.670917,21.151694,"Prishtina, Kosovo"
